Venue, c1, c2, c3, c4, c5, c6, c7, c8
A LES G01,C1,C2,,,,,,
A LES G01,C3,C4,,,,,,
A LES G01,H1,H2, H3, H4,,,,
A LES G01,I1,I2, I3, I4,,,,
A LES G01,J1, J2, J3, J4,,,,
A LES G01,N1, N2, S1, S2,,,,
A LES G01,N3, N4,,,,,,
A LES G01,O3, O4,,,,,,
A LES G01,Q1, Q2,,,,,,
A LES G01,Q3, Q4,,,,,,
A LES G01,R3, R4,,,,,,
A LES G02,H3, H4,,,,,,
A LES G02,I1, I2, I3, I4,,,,
A LES G02,J1, J2, J3, J4,,,,
A LES G02,K1, K2,,,,,,
A LES G02,K3, K4,,,,,,
A LES G02,L1, L2,,,,,,
A LES G02,N1, N2, S1, S2,,,,
A LES G02,O1, O2,,,,,,
A LES G02,Q1, Q2, C1, C2,,,,
A LES G02,Z1, Z2, Z3, Z4,,,,
A RING 522,I1, I2, I3, I4,,,,
A RING 610,M1, M2, M3, M4,,,,
A RING 610,P26,,,,,,,
B LES 100,C1, C2, L1, L2,,,,
B LES 100,C1, C2, R1, R2,,,,
B LES 100,I1, I2,,,,,,
B LES 100,I3, I4, J1,,,,,
B LES 100,M1, M2, M3, M4,,,,
B LES 100,O1, O2,,,,,,
B LES 100,O1, O2, S1, S2,,,,
B LES 100,P29,P30,,,,,,
B LES 100,Q1, Q2, I3, I4,,,,
B LES 100,R1, R2,,,,,,
B LES 100,T3, T4,,,,,,
B LES 100,Z1, Z2, Z3, Z4,,,,
B LES 101,L1, L2,,,,,,
B LES 101,N1, N2,,,,,,
B LES 101,Q1, M3, Q3,,,,,
B LES 101,T1,,,,,,,
B LES 101,T3, T4,,,,,,
B LES 101,Z3, Z4,,,,,,
B LES 103,I1, I2,,,,,,
B LES 103,K3, K4,,,,,,
B LES 103,P6,P7,,,,,,
B LES 103,Q4, O4,,,,,,
B LES 104,C3, C4,,,,,,
B LES 104,H2, R3,,,,,,
B LES 104,I1, I2,,,,,,
B LES 104,M1, M2, M3, M4,,,,
B LES 104,M4,,,,,,,
B LES 104,Z1, Q3, Q4,,,,,
B LES 104,Z3, Z4,,,,,,
B RING 301,O1,,,,,,,
B RING 709,K2, R1,,,,,,
B RING 712,N1,,,,,,,
B RING 712,N2, N3, N4,,,,,
B RING 712,Q1,,,,,,,
B RING 712,Q2, Q3, Q4,,,,,
B RING 712,S2, S3, S4,,,,,
B RING 726,I2,,,,,,,
B RING 726,J2,,,,,,,
B RING 726,O1,,,,,,,
B RING 726,R3,,,,,,,
B RING 726,S1,,,,,,,
B RING 726,Z1,,,,,,,
B1 LAB 204,I1, I2,,,,,,
B1 LAB 204,M1, M2, M3, M4,,,,
B1 LAB 204,P1,P2,P3,P4,,,,
B1 LAB 204,P8,P9,,,,,,
B2 LAB 117 FEBE COMP LAB,P1,P2,P3,P4,,,,
B2 LAB 117 FEBE COMP LAB,P6,P7,P8,,,,,
B2 LAB 117 FEBE COMP LAB,P8,P9,,,,,,
B2 LAB 119 FEBE COMP LAB,G1, N1, N2,,,,,
B2 LAB 119 FEBE COMP LAB,M1, M3, M4,,,,,
B2 LAB 119 FEBE COMP LAB,O1, Q4, O4,,,,,
B2 LAB 119 FEBE COMP LAB,O3, O4,,,,,,
B2 LAB 119 FEBE COMP LAB,P17,P18,P19,P20,,,,
B2 LAB 119 FEBE COMP LAB,P21,P22,P23,P24,,,,
B2 LAB 119 FEBE COMP LAB,P29,P30,P31,P32,,,,
B2 LAB 12,O1, O2, O3, O4,,,,
B2 LAB 12,P22,P23,P24,,,,,
B2 LAB 219 FEBE COMP LAB,M2, M3, M4,,,,,
B2 LAB 219 FEBE COMP LAB,P6,P7,P8,P9,,,,
B2 LAB 219 FEBE COMP LAB,Q3, Q4,,,,,,
B3 LAB 11,M1, M2, L1, L2,,,,
B3 LAB 11,O1, O2,,,,,,
C LES 101,G4,,,,,,,
C LES 101,H1, H2, J1, J2,,,,
C LES 101,I1,,,,,,,
C LES 101,I3, I4,,,,,,
C LES 101,J4, C3,,,,,,
C LES 101,M1, M2,,,,,,
C LES 101,N1, N2,,,,,,
C LES 101,O1, O2, T1, T2,,,,
C LES 101,T3, T4,,,,,,
C LES 101,Z1,,,,,,,
C LES 101,Z2, I1,,,,,,
C LES 102,C1, C2,,,,,,
C LES 102,K1, K2, R2,,,,,
C LES 102,K3, K4, Q4, J3,,,,
C LES 102,O1, O2, O3, O4,,,,
C LES 102,P13,P14,,,,,,
C LES 102,P30,P31,P32, S3,,,,
C LES 102,Q1, Q2,,,,,,
C LES 103,H1, H2,,,,,,
C LES 103,H3, H4,,,,,,
C LES 103,I1, I2, I3,,,,,
C LES 103,J1,,,,,,,
C LES 103,J2,,,,,,,
C LES 103,J3, J4,,,,,,
C LES 103,L1, L2,,,,,,
C LES 103,M1, M2,,,,,,
C LES 103,P25,P26,,,,,,
C LES 103,T1, T2, R1, R2,,,,
C LES 103,Z1,,,,,,,
C LES 103,Z2,,,,,,,
C LES 201,C1, C2,,,,,,
C LES 201,G1, G2, Z3, Z4,,,,
C LES 201,I1, I2,,,,,,
C LES 201,Q1, Q2, Q3, Q4,,,,
C LES 201,R3, R4,,,,,,
C LES 202,C1, C2,,,,,,
C LES 202,I1, I2, K3, K4,,,,
C LES 202,K1, K2,,,,,,
C LES 202,N1, N2,,,,,,
C LES 202,O1, O2,,,,,,
C LES 202,S1, S2,,,,,,
C LES 202,Z1, Z2, Z3, Z4,,,,
C LES 203,C1, C2,,,,,,
C LES 203,C3, C4,,,,,,
C LES 203,I1, I2, R1, R2,,,,
C LES 203,M3,,,,,,,
C LES 203,P13,P14,P15,P16,,,,
C LES 203,Q1, Q2,,,,,,
C LES 203,Q4,,,,,,,
C LES 204,H1, H2, S3, S4,,,,
C LES 204,H3, H4,,,,,,
C LES 204,M3, M4,,,,,,
C LES 204,P29,P30,,,,,,
C LES 204,T1, T2,,,,,,
C LES 204,Z1, Z2, Z3, Z4,,,,
C LES 301,H1,,,,,,,
C LES 301,I2,,,,,,,
C LES 301,I3,,,,,,,
C LES 301,J1,,,,,,,
C LES 301,M1, M2, M3,,,,,
C LES 301,M4,,,,,,,
C LES 301,N3,,,,,,,
C LES 301,O1,,,,,,,
C LES 301,O2,,,,,,,
C LES 301,O4,,,,,,,
C LES 301,Q1,,,,,,,
C LES 301,Q2,,,,,,,
C LES 301,R1, R2,,,,,,
C LES 302,I2,,,,,,,
C LES 302,J1,,,,,,,
C LES 302,M3,,,,,,,
C LES 302,N1, N2,,,,,,
C LES 302,O1,,,,,,,
C LES 302,O2, O4,,,,,,
C LES 302,Q2,,,,,,,
C LES 302,T4,,,,,,,
C LES 304,H1,,,,,,,
C LES 304,I2, M3, M4,,,,,
C LES 304,J3, J4, C3, C4,,,,
C LES 304,K1, K2, C1, C2,,,,
C LES 304,L4, L1,,,,,,
C LES 304,M1, M2,,,,,,
C LES 304,M4,,,,,,,
C LES 304,P17,P18,,,,,,
C LES 304,R3, R4,,,,,,
C LES 304,T1,,,,,,,
C LES 305,H1,,,,,,,
C LES 305,I1,,,,,,,
C LES 305,I2,,,,,,,
C LES 305,I3,,,,,,,
C LES 305,J1,,,,,,,
C LES 305,N3,,,,,,,
C LES 305,O1, O2, R1, R2,,,,
C LES 305,Q2,,,,,,,
C LES 305,T3,,,,,,,
C LES 305,Z1,,,,,,,
C LES 305,Z2,,,,,,,
C LES 306,H4,,,,,,,
C LES 306,I1,,,,,,,
C LES 306,I2,,,,,,,
C LES 306,I3,,,,,,,
C LES 306,K1,,,,,,,
C LES 306,L2,,,,,,,
C LES 306,M1,,,,,,,
C LES 306,M2,,,,,,,
C LES 306,M3,,,,,,,
C LES 306,O2,,,,,,,
C LES 306,Q2,,,,,,,
C LES 306,R1,,,,,,,
C LES 306,R2,,,,,,,
C LES 306,T1,,,,,,,
C LES 306,Z1, Z2, Z3, Z4,,,,
C LES 307,J1,,,,,,,
C LES 307,J3, J4,,,,,,
C LES 307,O1, O2, C1, C2,,,,
C LES 307,Q4,,,,,,,
C LES 307,R1, R2,,,,,,
C LES 307,Z3, Z4,,,,,,
C LES 308,H1,,,,,,,
C LES 308,H2,,,,,,,
C LES 308,H4,,,,,,,
C LES 308,I1,,,,,,,
C LES 308,I3, I4,,,,,,
C LES 308,K1, K2,,,,,,
C LES 308,M3,,,,,,,
C LES 308,M4, T1,,,,,,
C LES 308,Q2,,,,,,,
C LES 308,S2,,,,,,,
C LES 309,J3, J4,,,,,,
C LES 309,K1, K2,,,,,,
C LES 309,N1, N2,,,,,,
C LES 309,O4,,,,,,,
C LES 309,P19,P20,,,,,,
C LES 309,Q3,,,,,,,
C LES 309,Z2, G4, Z3,,,,,
C LES 310,C3, C4,,,,,,
C LES 310,G1,,,,,,,
C LES 310,H3, H4,,,,,,
C LES 310,I3,,,,,,,
C LES 310,K1, K2,,,,,,
C LES 310,L2, R1,,,,,,
C LES 310,M1,,,,,,,
C LES 310,O1,,,,,,,
C LES 401,C1, C2, Q3, Q4,,,,
C LES 401,K1, K2, K3, K4,,,,
C LES 401,M1, M2, C1, C2,,,,
C LES 401,O1, O2, O3, O4,,,,
C LES 401,P6,P7,,,,,,
C LES 401,Q1, Q2, Q3, Q4,,,,
C LES 401,R3, R4,,,,,,
C LES 402,G1,,,,,,,
C LES 402,I1,,,,,,,
C LES 402,J1,,,,,,,
C LES 402,J2,,,,,,,
C LES 402,J3,,,,,,,
C LES 402,J4,,,,,,,
C LES 402,L3, L2,,,,,,
C LES 402,N1, N2, N3, N4,,,,
C LES 402,P13,P14,,,,,,
C LES 402,Q3, Q4,,,,,,
C LES 402,R1,,,,,,,
C LES 402,Z3,,,,,,,
C LES 403,H1,,,,,,,
C LES 403,H3, H4,,,,,,
C LES 403,I1,,,,,,,
C LES 403,J1,,,,,,,
C LES 403,J2,,,,,,,
C LES 403,J3, J4,,,,,,
C LES 403,K1,,,,,,,
C LES 403,L3, L2,,,,,,
C LES 403,L4, L1,,,,,,
C LES 403,O1,,,,,,,
C LES 403,O4,,,,,,,
C LES 403,Q2,,,,,,,
C LES 403,Q3,,,,,,,
C LES 403,R1,,,,,,,
C LES 403,R2,,,,,,,
C LES 403,Z1,,,,,,,
C LES 404,I1,,,,,,,
C LES 404,J1,,,,,,,
C LES 404,J2,,,,,,,
C LES 404,K1,,,,,,,
C LES 404,M3,,,,,,,
C LES 404,O1, O2,,,,,,
C LES 404,P12,P13,,,,,,
C RING 303 COMPUTER LAB,P15,,,,,,,
C RING 303 COMPUTER LAB,P17,,,,,,,
C RING 303 COMPUTER LAB,P23,,,,,,,
C RING 307 COMPUTER LAB,P19,,,,,,,
C RING 307 COMPUTER LAB,P26,,,,,,,
C RING 307 COMPUTER LAB, P19,,,,,,,
C RING 308,P21,P22,,,,,,
C1 LAB 215 LABORATORY,K1, K2, K3, K4,,,,
C1 LAB 215 LABORATORY,L1, L2, L3, L4,,,,
C1 LAB 215 LABORATORY,M1, M2, Q1, Q2,,,,
C1 LAB 215 LABORATORY,O1, O2, N1, N2,,,,
C1 LAB 215 LABORATORY,P21,P22,P23,P24,,,,
C1 LAB 215 LABORATORY,P6,P7,P8,,,,,
C1 LAB 215 LABORATORY,Z1, Z2, Z3, Z4,,,,
C1 LAB 221,P13,P14,,,,,,
C1 LAB 303,P13,P20,,,,,,
C1 LAB 304,P13,P14,P15,P16,P17,P18,P19,P20
C1 LAB 304,Q1, Q2, G3, G4,,,,
C1 LAB K001,P1,P2,P3,P4, R3,,,
C1 LAB K001,P17,P18,P19,P20, N3,,,
C1 LAB K001,P25,P26,P27,P28,,,,
C2 LAB 115 LABORATORY,O1, O2, Z1, Z2,,,,
C2 LAB 115 LABORATORY,P1,P2,P3,P4, R3,,,
C2 LAB 115 LABORATORY,P17,P18,P19,P20, N3,,,
C2 LAB 115 LABORATORY,P25,P26,P27,P28,,,,
C2 LAB 115 LABORATORY,P25,P26,P27,P28, O3,,,
C2 LAB 115 LABORATORY,P29,P30,P31,P32, S3,,,
C2 LAB 115 LABORATORY,P6,P7,P8,P9,,,,
C2 LAB 115 LABORATORY,P6,P7,P8,P9, L3,,,
C2 LAB 122 LABORATORY,P15,P16,P17,P18,P19,P20, N3, N4
C2 LAB 122 LABORATORY,P22,P23,P24,P25,P26,P27,P28, O3
C2 LAB 123 LABORATORY,P23,P24,P25,P26,P27,P28, O3, G3
D LAB BASEMENT ROOM K01,H1, H2, J1, J2,,,,
D LAB BASEMENT ROOM K01,J3, J4,,,,,,
D LAB BASEMENT ROOM K01,K3, K4,,,,,,
D LAB BASEMENT ROOM K01,L3, L1, L2,,,,,
D LAB BASEMENT ROOM K01,N3, N4,,,,,,
D LAB BASEMENT ROOM K01,O3, G3, O4,,,,,
D LAB BASEMENT ROOM K01,O3, G3,O4,,,,,
D LAB BASEMENT ROOM K01,P6,P7,,,,,,
D LAB BASEMENT ROOM K01,Q1, M3, Q3,,,,,
D LAB BASEMENT ROOM K02,L1, L2, R1, R2,,,,
D LAB BASEMENT ROOM K02,O1, O2, O4,,,,,
D LAB BASEMENT ROOM K02,P12,P13,P14,P15,,,,
D LAB BASEMENT ROOM K02,Q3, Q4,,,,,,
D LAB BASEMENT ROOM K02,Z1, Z2,,,,,,
D LAB BASEMENT ROOM K03,H1, H2, R1, R2,,,,
D LAB BASEMENT ROOM K03,L1, L2,,,,,,
D LAB BASEMENT ROOM K03,N1, N2, I3, I4,,,,
D LAB BASEMENT ROOM K03,P13,P14,,,,,,
D LAB BASEMENT ROOM K03,T3, T4,,,,,,
D LES 101,I4, O3,,,,,,
D LES 101,J1, J2, J3, J4,,,,
D LES 101,L3, L4, L1, L2,,,,
D LES 101,Z1, Z2, Z3, Z4,,,,
D LES 101,Z1, Z2, Z4,,,,,
D LES 102,J4, C3,,,,,,
D LES 102,L3, L1, L2,,,,,
D LES 102,O1, O2, T1, T2,,,,
D LES 102,P15,P16,,,,,,
D LES 102,Z1, Z2,,,,,,
D LES 103,H1, H2, J3, J4,,,,
D LES 103,L3, L2,,,,,,
D LES 103,L4, L1,,,,,,
D LES 103,N1, N2, N3, N4,,,,
D LES 103,O1, O2, O3, O4,,,,
D LES 103,P1,P2, P17,P18,,,,
D LES 103,P1,P2, P17,P18,,,,
D LES 103,P21,P22,,,,,,
D LES 103,P6,P7, P16,,,,,
D LES 103,Q3, Q4,,,,,,
D LES 103,T4,,,,,,,
D LES 104,J1, J2,,,,,,
D LES 104,N1, N2,,,,,,
D LES 104,S1,,,,,,,
D LES 104,T3,,,,,,,
D LES 105,H1, H2, H3, H4,,,,
D LES 105,J1, J2, J3, J4,,,,
D LES 105,L1, L2,,,,,,
D LES 105,O1, O2,,,,,,
D LES 105,WE 14, WE 15,,,,,,
D LES 106,H3, H4,,,,,,
D LES 106,I3,,,,,,,
D LES 106,Q2, Q4,,,,,,
D LES 106,T1, T2,,,,,,
D LES 106,Z2,,,,,,,
D LES 201,P1,P2,,,,,,
D LES 201,P15,P16,,,,,,
D LES 201,P25,P26,,,,,,
D LES 201,R3, R4,,,,,,
D LES 201,Z3, Z4,,,,,,
D LES 201,J1,J2,,,,,,
D LES 202,J2,,,,,,,
D LES 202,S1,,,,,,,
D LES 202,T1, T2, T3, T4,,,,
D LES 203,H3, H4,,,,,,
D LES 203,J1, J2,,,,,,
D LES 203,P1,P2,,,,,,
D LES 203,Q3, Q4,,,,,,
D LES 203,S1, S2,,,,,,
D LES 204,L2, R1,,,,,,
D LES 204,T1, T2, T3, T4,,,,
D LES 301,I1, I2, I3, I4,,,,
D LES 301,P17,P18,,,,,,
D LES 301,Q1, Q2, L1, L2,,,,
D LES 301,S1, S2,,,,,,
D LES 301,T1, T2, T3, T4,,,,
D LES 304,K1, K2,,,,,,
D LES 304,P25,P26,,,,,,
D LES 304,Q1, Q2,,,,,,
D LES 305,K1, K2,,,,,,
D LES 305,Q3,,,,,,,
D LES 305,Q4,,,,,,,
D LES 306,Q1, Q2,,,,,,
D LES 306,T1, T2,,,,,,
D LES 306,T3, T4,,,,,,
D LES 307,I1, I2,,,,,,
D LES 307,M3,,,,,,,
D LES 307,M4,,,,,,,
D LES 307,Q4,,,,,,,
D LES 307,S1,,,,,,,
D LES 307,S2,,,,,,,
D LES 308,C2,,,,,,,
D LES 308,H3, H4,,,,,,
D LES 308,I2,,,,,,,
D LES 308,I3,,,,,,,
D LES 308,K1,,,,,,,
D LES 308,K2,,,,,,,
D LES 308,K3,,,,,,,
D LES 308,T4,,,,,,,
D LES 309,I1,,,,,,,
D LES 309,J1,,,,,,,
D LES 309,K3,,,,,,,
D LES 309,L2, R1,,,,,,
D LES 309,M1, M2, M3, M4,,,,
D LES 309,T3,,,,,,,
D LES 310,G1,,,,,,,
D LES 310,J1, J2,,,,,,
D LES 310,K3,,,,,,,
D LES 310,M1,,,,,,,
D LES 310,O2,,,,,,,
D LES 310,T4,,,,,,,
D LES 311,G1,,,,,,,
D LES 311,H3,,,,,,,
D LES 311,K3,,,,,,,
D LES 311,M2,,,,,,,
D LES 311,Q1,,,,,,,
D LES 311,Q2,,,,,,,
D LES 311,S1,,,,,,,
D LES 311,T2,,,,,,,
D LES 311,T3,,,,,,,
D LES 311,T4,,,,,,,
D LES 312,G1,,,,,,,
D LES 312,H1, H2, H3, H4,,,,
D LES 312,I1,,,,,,,
D LES 312,K3,,,,,,,
D LES 312,N3, N4,,,,,,
D LES 312,O1,,,,,,,
D LES 312,O1, O2,,,,,,
D LES 312,Q3,,,,,,,
D LES 403,J1,,,,,,,
D LES 403,J2,,,,,,,
D LES 403,M1, M2,,,,,,
D LES 403,M3,,,,,,,
D LES 404,I4,,,,,,,
D LES 404,K3,,,,,,,
D LES 404,Q1,,,,,,,
D LES 404,Q2,,,,,,,
D LES 404,T1,,,,,,,
D LES 404,T2,,,,,,,
D LES 404,T3,,,,,,,
D LES 405,C1, C2,,,,,,
D LES 405,H1,,,,,,,
D LES 405,I1, H4,,,,,,
D LES 405,I2,,,,,,,
D LES 405,I4,,,,,,,
D LES 405,J1,,,,,,,
D LES 405,J2,,,,,,,
D LES 405,K2,,,,,,,
D LES 405,K3,,,,,,,
D LES 405,M2, M3, M4,,,,,
D LES 405,Q1, Q2, Q3, Q4,,,,
D LES 405,S1,,,,,,,
D LES 405,T2,,,,,,,
D LES 405,T3,,,,,,,
D LES 405,T4,,,,,,,
D LES 406,H1,,,,,,,
D LES 406,H2,,,,,,,
D LES 406,I1,,,,,,,
D LES 406,I2,,,,,,,
D LES 406,I4,,,,,,,
D LES 406,J1,,,,,,,
D LES 406,J2,,,,,,,
D LES 406,K1,,,,,,,
D LES 406,K3,,,,,,,
D LES 406,M1, M2,,,,,,
D LES 406,M4,,,,,,,
D LES 406,Q2,,,,,,,
D LES 406,S1,,,,,,,
D LES 406,S2,,,,,,,
D LES 406,T3,,,,,,,
D LES 407,I1, I2, T3, T4,,,,
D LES 407,M1, M2, M3, M4,,,,
D LES 408,H1,,,,,,,
D LES 408,H3,,,,,,,
D LES 408,I4,,,,,,,
D LES 408,K1,,,,,,,
D LES 408,K2,,,,,,,
D LES 408,K3,,,,,,,
D LES 408,R2,,,,,,,
D LES 408,T2,,,,,,,
D LES 408,T3,,,,,,,
D LES 408,Z1, Z2, M3, M4,,,,
D LES 410,H1,,,,,,,
D LES 410,I1, I2,,,,,,
D LES 410,K1,,,,,,,
D LES 410,K2,,,,,,,
D LES 410,K3,,,,,,,
D LES 410,M1,,,,,,,
D LES 410,M2,,,,,,,
D LES 410,O1,,,,,,,
D LES 410,Q1,,,,,,,
D LES 410,Q2,,,,,,,
D LES 410,T3,,,,,,,
D LES 410,T4,,,,,,,
D LES 411,I1,,,,,,,
D LES 411,M4,,,,,,,
D LES 411,T3,,,,,,,
D LES 411,T4,,,,,,,
D1 LAB 108,G1, G2, G3, G4,,,,
D1 LAB 108,N1, N2, N3, N4,,,,
D1 LAB 108,O1, O2,,,,,,
D1 LAB 108,P17,P18,,,,,,
D1 LAB 108,P25,P26,,,,,,
D1 LAB 108,P8,P9,,,,,,
D1 LAB 108,R1, R2,,,,,,
D1 LAB 108,S1, S2,,,,,,
D1 LAB 108,Z1, Z2,,,,,,
D1 LAB 108,Z3, Z4,,,,,,
D1 LAB 401,C1,,,,,,,
D1 LAB 401,H3,,,,,,,
D1 LAB 401,H4,,,,,,,
D1 LAB 401,J1,,,,,,,
D1 LAB 401,J3, J4,,,,,,
D1 LAB 401,K3, K4,,,,,,
D1 LAB 401,L2,,,,,,,
D1 LAB 401,MO 14, MO 15,,,,,,
D1 LAB 401,N1, N2,,,,,,
D1 LAB 401,O1,,,,,,,
D1 LAB 401,O4,,,,,,,
D1 LAB 401,Q1,,,,,,,
D1 LAB 401,Q3,,,,,,,
D1 LAB 401,Q4,,,,,,,
D1 LAB 401,T3,,,,,,,
D1 LAB 401,T4,,,,,,,
D1 LAB 401,Z3,,,,,,,
D1 LAB 401,Z4,,,,,,,
D1 LAB 402,H2,,,,,,,
D1 LAB 402,I1, I2,,,,,,
D1 LAB 402,I3, I4,,,,,,
D1 LAB 402,M1, T3,,,,,,
D1 LAB 402,N2,,,,,,,
D1 LAB 402,O1,,,,,,,
D1 LAB 402,O2,,,,,,,
D1 LAB 402,Q2,,,,,,,
D1 LAB 402,Q3,,,,,,,
D1 LAB 402,Q4,,,,,,,
D1 LAB 402,S1,,,,,,,
D1 LAB 402,S2,,,,,,,
D1 LAB 402,T1, T2,,,,,,
D1 LAB 402,T4,,,,,,,
D1 LAB 403,C1,,,,,,,
D1 LAB 403,G2,,,,,,,
D1 LAB 403,H1,,,,,,,
D1 LAB 403,H3,,,,,,,
D1 LAB 403,I3,,,,,,,
D1 LAB 403,I4,,,,,,,
D1 LAB 403,J1, J2,,,,,,
D1 LAB 403,K1,,,,,,,
D1 LAB 403,K3,,,,,,,
D1 LAB 403,L1,,,,,,,
D1 LAB 403,M3,,,,,,,
D1 LAB 403,M4,,,,,,,
D1 LAB 403,O1,,,,,,,
D1 LAB 403,O2,,,,,,,
D1 LAB 403,O4,,,,,,,
D1 LAB 403,Q3,,,,,,,
D1 LAB 403,Q4,,,,,,,
D1 LAB 403,S1,,,,,,,
D1 LAB 403,S2,,,,,,,
D1 LAB 403,T3,,,,,,,
D1 LAB 403,Z1,,,,,,,
D1 LAB 403,Z4,,,,,,,
D1 LAB 404,H2,,,,,,,
D1 LAB 404,J1,,,,,,,
D1 LAB 404,J2,,,,,,,
D1 LAB 404,K3,,,,,,,
D1 LAB 404,O1,,,,,,,
D1 LAB 404,O2,,,,,,,
D1 LAB 404,S1,,,,,,,
D1 LAB 404,T4,,,,,,,
D1 LAB 404,Z4,,,,,,,
D1 LAB 405,C1,,,,,,,
D1 LAB 405,G2,,,,,,,
D1 LAB 405,H1,,,,,,,
D1 LAB 405,I2, R1,,,,,,
D1 LAB 405,J1,,,,,,,
D1 LAB 405,K1,,,,,,,
D1 LAB 405,K3,,,,,,,
D1 LAB 405,L1,,,,,,,
D1 LAB 405,L2,,,,,,,
D1 LAB 405,M3,,,,,,,
D1 LAB 405,M4,,,,,,,
D1 LAB 405,O2,,,,,,,
D1 LAB 405,S1,,,,,,,
D1 LAB 405,T2,,,,,,,
D1 LAB 405,Z4,,,,,,,
D1 LAB 406,G1,,,,,,,
D1 LAB 406,H2,,,,,,,
D1 LAB 406,K1,,,,,,,
D1 LAB 406,L2,,,,,,,
D1 LAB 406,M1,,,,,,,
D1 LAB 406,M4, I3,,,,,,
D1 LAB 406,N2,,,,,,,
D1 LAB 406,O2,,,,,,,
D1 LAB 406,Q1,,,,,,,
D1 LAB 406,Q2,,,,,,,
D1 LAB 406,Q3,,,,,,,
D1 LAB 406,R2,,,,,,,
D1 LAB 406,S1,,,,,,,
D1 LAB 406,T1,,,,,,,
D1 LAB 406,T2,,,,,,,
D1 LAB 406,T4,,,,,,,
D1 LAB 406,Z4,,,,,,,
D1 LAB 407,G1,,,,,,,
D1 LAB 407,H1,,,,,,,
D1 LAB 407,K1,,,,,,,
D1 LAB 407,M1,,,,,,,
D1 LAB 407,M3,,,,,,,
D1 LAB 407,M4, I3,,,,,,
D1 LAB 407,N1,,,,,,,
D1 LAB 407,N2,,,,,,,
D1 LAB 407,O2,,,,,,,
D1 LAB 407,Q4,,,,,,,
D1 LAB 407,S2,,,,,,,
D1 LAB 407,T1, T2,,,,,,
D1 LAB 408,G1,,,,,,,
D1 LAB 408,H4,,,,,,,
D1 LAB 408,I3,,,,,,,
D1 LAB 408,J1,,,,,,,
D1 LAB 408,J2,,,,,,,
D1 LAB 408,J3, J4,,,,,,
D1 LAB 408,L1,,,,,,,
D1 LAB 408,M1,,,,,,,
D1 LAB 408,N2,,,,,,,
D1 LAB 408,O1,,,,,,,
D1 LAB 408,Q2,,,,,,,
D1 LAB 408,Q3,,,,,,,
D1 LAB 408,Q4,,,,,,,
D1 LAB 408,R1,,,,,,,
D1 LAB 408,R2,,,,,,,
D1 LAB 408,Z3, Z4,,,,,,
D1 LAB 409,H3,,,,,,,
D1 LAB 409,J1, J2,,,,,,
D1 LAB 409,J2,,,,,,,
D1 LAB 409,J3, J4,,,,,,
D1 LAB 409,L1,,,,,,,
D1 LAB 409,M1,,,,,,,
D1 LAB 409,M2,,,,,,,
D1 LAB 409,M4,,,,,,,
D1 LAB 409,O1,,,,,,,
D1 LAB 409,O2,,,,,,,
D1 LAB 409,Q1, Q2,,,,,,
D1 LAB 409,T3,,,,,,,
D1 LAB 409,T4,,,,,,,
D1 LAB 409,Z3,Z4,,,,,,
D1 LAB 410,G1,,,,,,,
D1 LAB 410,H4,,,,,,,
D1 LAB 410,I3,,,,,,,
D1 LAB 410,J4,,,,,,,
D1 LAB 410,K3, L2,,,,,,
D1 LAB 410,K4,,,,,,,
D1 LAB 410,M1,,,,,,,
D1 LAB 410,N2, H3,,,,,,
D1 LAB 410,O1,,,,,,,
D1 LAB 410,O2,,,,,,,
D1 LAB 410,Q2,,,,,,,
D1 LAB 410,Q3, Q4,,,,,,
D1 LAB 410,S2,,,,,,,
D1 LAB 410,T2,,,,,,,
D1 LAB 410,Z1,,,,,,,
D1 LAB 410,Z2,,,,,,,
D1 LAB 411,G1,,,,,,,
D1 LAB 411,G2,,,,,,,
D1 LAB 411,H2,,,,,,,
D1 LAB 411,H4,,,,,,,
D1 LAB 411,I2, R1,,,,,,
D1 LAB 411,I3,,,,,,,
D1 LAB 411,J1,,,,,,,
D1 LAB 411,K1, K2,,,,,,
D1 LAB 411,K3, L2,,,,,,
D1 LAB 411,K4,,,,,,,
D1 LAB 411,M3,,,,,,,
D1 LAB 411,M4,,,,,,,
D1 LAB 411,N2, H3,,,,,,
D1 LAB 411,O1,,,,,,,
D1 LAB 411,O2,,,,,,,
D1 LAB 411,Q3,,,,,,,
D1 LAB 411,Q4,,,,,,,
D1 LAB 411,R2,,,,,,,
D1 LAB 411,S1,,,,,,,
D1 LAB 411,S2,,,,,,,
D1 LAB 412,G1,,,,,,,
D1 LAB 412,H1,,,,,,,
D1 LAB 412,H2,,,,,,,
D1 LAB 412,H3,,,,,,,
D1 LAB 412,H4,,,,,,,
D1 LAB 412,J3, J4,,,,,,
D1 LAB 412,K4,,,,,,,
D1 LAB 412,L1,,,,,,,
D1 LAB 412,M1,,,,,,,
D1 LAB 412,M2,,,,,,,
D1 LAB 412,M3,,,,,,,
D1 LAB 412,N2,,,,,,,
D1 LAB 412,O1,,,,,,,
D1 LAB 412,O2,,,,,,,
D1 LAB 412,Q1,,,,,,,
D1 LAB 412,Q2,,,,,,,
D1 LAB 412,Q3,,,,,,,
D1 LAB 412,Q4,,,,,,,
D1 LAB 412,T3,,,,,,,
D1 LAB 412,T4,,,,,,,
D1 LAB 412,Z1, Z2,,,,,,
D1 LAB 413,G1,,,,,,,
D1 LAB 413,H1,,,,,,,
D1 LAB 413,H3,,,,,,,
D1 LAB 413,H4,,,,,,,
D1 LAB 413,L2,,,,,,,
D1 LAB 413,M1,,,,,,,
D1 LAB 413,M4,,,,,,,
D1 LAB 413,O1,,,,,,,
D1 LAB 413,O2,,,,,,,
D1 LAB 413,Q1,,,,,,,
D1 LAB 413,Q3,,,,,,,
D1 LAB 413,Q4,,,,,,,
D1 LAB 413,T4,,,,,,,
D1 LAB 414,G2,,,,,,,
D1 LAB 414,J3, J4,,,,,,
D1 LAB 414,K2,,,,,,,
D1 LAB 414,M2,,,,,,,
D1 LAB 414,M3,,,,,,,
D1 LAB 414,N2,,,,,,,
D1 LAB 414,Q2,,,,,,,
D1 LAB 414,Q3,,,,,,,
D1 LAB 414,Q4,,,,,,,
D1 LAB 414,R1,,,,,,,
D1 LAB 414,R2,,,,,,,
D1 LAB 415,G1,,,,,,,
D1 LAB 415,G2,,,,,,,
D1 LAB 415,K2,,,,,,,
D1 LAB 415,L2,,,,,,,
D1 LAB 415,M1, T3,,,,,,
D1 LAB 415,N1,,,,,,,
D1 LAB 415,N2,,,,,,,
D1 LAB 415,O1,,,,,,,
D1 LAB 415,Q1,,,,,,,
D1 LAB 415,Q2,,,,,,,
D1 LAB 415,Q4,,,,,,,
D1 LAB 415,T4,,,,,,,
D1 LAB 416,H1,,,,,,,
D1 LAB 416,H2,,,,,,,
D1 LAB 416,I1,,,,,,,
D1 LAB 416,J1,,,,,,,
D1 LAB 416,J3, J4,,,,,,
D1 LAB 416,K2,,,,,,,
D1 LAB 416,M1,,,,,,,
D1 LAB 416,M4,,,,,,,
D1 LAB 416,N1,,,,,,,
D1 LAB 416,O1,,,,,,,
D1 LAB 416,O4,,,,,,,
D1 LAB 416,Q2,,,,,,,
D1 LAB 416,R1, R2,,,,,,
D1 LAB 416,Z2,,,,,,,
D1 LAB K08,G1, Z3, Z4,,,,,
D1 LAB K08,I1, I2,,,,,,
D1 LAB K08,I3, I4,,,,,,
D1 LAB K08,K3, K4,,,,,,
D1 LAB K08,M1, M2, M3, M4,,,,
D1 LAB K08,O1, S1, S2,,,,,
D1 LAB K08,P15,P16,,,,,,
D1 LAB K08,T1, T2, T3, T4,,,,
D1 LAB K08,TH 14, TH 15, TH 16, TH 17,,,,
D1 LAB K08,Z1, Z2,,,,,,
D1 LAB K08,Z3, Z4,,,,,,
D1 LAB K09,P12,P13,P14,P15,,,,
D1 LAB K09,R1, R2,,,,,,
D1 LAB K10,H1, H2, Q1, Q2,,,,
D1 LAB K10,L1, L2,,,,,,
D1 LAB K10,O1, O2, O4,,,,,
D1 LAB K10,P25,P26,,,,,,
D1 LAB K11,K3, K4,,,,,,
D1 LAB K11,L2, P21,,,,,,
D1 LAB K11,O4,,,,,,,
D1 LAB K11,P12,P13,P14,P15,,,,
D1 LAB K11,T1, T2,,,,,,
D1 LAB K12,M1, M2,,,,,,
D1 LAB K12,O1, O2, Q1, Q2,,,,
D1 LAB K12,O3, O4,,,,,,
D1 LAB K12,P1,P2,P3,P4,,,,
D1 LAB K12,P17,P18,,,,,,
D1 LAB K12,P6,P7,,,,,,
D1 LAB K12,T1,,,,,,,
D2 LAB 115 LABORATORY,O1, O2, O3,,,,,
D2 LAB 115 LABORATORY,P13,P14,P15,P16,,,,
D2 LAB 115 LABORATORY,P17,P18,P19,P20,,,,
D2 LAB 115 LABORATORY,P25,P26,P27,P28,,,,
D2 LAB 115 LABORATORY,P25,P26,P27,P28,,,,
D2 LAB 115 LABORATORY,Z1, Z2, P1,P2,P3,P4,,
D2 LAB 115 LABORATORY,P29,P30,P31,P32,,,,
D2 LAB 116 LABORATORY,P17,P18,P19,P20,,,,
D2 LAB 116 LABORATORY,P21,P22,P23,P24,,,,
D2 LAB 121 LABORATORY,P29,P30,P31,P32, S3, S4,,
D2 LAB 121 LABORATORY,S1, S2,,,,,,
D2 LAB 333 LABORATORY,M2, Q1, Q2, P6,P7,P8,P9,
D2 LAB 333 LABORATORY,P23,P24,P25,P26,P27,P28, O3, G3
D2 LAB ROOM 122,L1, L2,,,,,,
D2 LAB ROOM 122,M1, M2, M3, M4,,,,
D2 LAB ROOM 122,O2, T3, T4,,,,,
D2 LAB ROOM 122,Q1, Q2, Q3, Q4,,,,
D3 LAB 120 LABORATORY,M3, M4, H4,,,,,
D3 LAB 240 LABORATORY,O1, O2,,,,,,
D3 LAB 240 LABORATORY,P1,P2,P3,P4,,,,
D3 LAB 240 LABORATORY,P15,P16,P17,P18,P19,P20,,
D3 LAB 240 LABORATORY,P17,P18,P19,P20,,,,
D3 LAB 330 LABORATORY,N1, N2, N3, N4,,,,
D3 LAB 330 LABORATORY,P25,P26,P27,P28,,,,
D3 LAB 330 LABORATORY,P29,P30,P31,P32,,,,
E LES 100,J1, J2,,,,,,
E LES 100,J3, J4, C3, C4,,,,
E LES 100,K1, K2,,,,,,
E LES 100,L1, L2,,,,,,
E LES 100,M3, M4,,,,,,
E LES 100,N1, N2,,,,,,
E LES 100,P15,P16,,,,,,
E LES 100,T1, T2, T3,T4,,,,
E LES 200,C1, C2,,,,,,
E LES 200,H1, H2,,,,,,
E LES 200,I3,I4,,,,,,
E LES 200,K1, K2,,,,,,
E LES 200,L3, L4,,,,,,
E LES 200,Z1, Z2, Z4,,,,,
E LES 201 COMPUTER LABS,P25,P26,,,,,,
E LES 202 COMPUTER LAB,P7,P8,P9,,,,,
E LES 202 COMPUTER LAB,Q1, Q2,,,,,,
E RING COMPUTER LAB 203,P26,P27,P28, O3,,,,
E RING COMPUTER LAB 203,P7,P8,P9,,,,,
E RING COMPUTER LAB 204,P7,P8,P9,,,,,
E RING COMPUTER LAB 205,P26,P27,P28, O3,,,,
E RING COMPUTER LAB 205,P29,P30,,,,,,
E RING COMPUTER LAB 205,P31,P32,,,,,,
E RING COMPUTER LAB 205,P7,P8,P9,,,,,
E RING COMPUTER LAB 205,S3, S4,,,,,,
E RING COMPUTER LAB 206,P29,P30,,,,,,
E RING COMPUTER LAB 206,P31,P32,,,,,,
E RING COMPUTER LAB 206,P7,P8,P9,,,,,
E RING COMPUTER LAB 206,S3, S4,,,,,,
E RING COMPUTER LAB 207,P26,P27,P28, O3,,,,
E RING COMPUTER LAB 207,P29,P30,,,,,,
E RING COMPUTER LAB 207,P31,P32,,,,,,
E RING COMPUTER LAB 207,P7,P8,P9,,,,,
E RING COMPUTER LAB 207,S3, S4,,,,,,
E RING COMPUTER LAB 207, S3, S4,WE 17,,,,,
