"",
"J3, J4",B LES 101
"J1, J2",D LES 201
"T1, T2",D1 LAB 409
"N1, N2",D1 LAB 401
"M1, M2",D1 LAB 401
"M1, M2",C LES 307
"H2, R3",B LES 104
"L1, L2",D1 LAB 416
"R1, R2",D1 LAB 416
"Q3, Q4",D1 LAB 409
"C3, C4",C LES 203
"T1, T2",D1 LAB 416
"C3, C4",B LES 104
"N1, N2",C LES 304
"M1, M2",D LES 403
"O1, O2",C LES 304
"T1, T2",D1 LAB 402
"T2, S1",D LES 304
"R1, R2",C LES 307
"R1, R2",D LES 410
"C1, C2",D LES 310
"Q3, Q4",D LES 406
"C3, C4",C LES 310
"",
"Z1, Z2, Z3, Z4",A LES G01
M1,C LES 306
M1,D LES 311
M1,D LES 310
M1,D LES 411
M2,D1 LAB 409
M2,D1 LAB 410
M2,D1 LAB 412
M2,D1 LAB 413
M1,D LES 410
M2,D1 LAB 408
"",
"Z1, Z2, Z3, Z4",A LES G02
"J1, J2, J3, J4",A LES G02
P15-16,E LES 100
P15-16,D1 LAB K08
P15-16,D LAB BASEMENT K01
"Q1, Q2",C LES 102
P21-22,D1 LAB K08
P13-14,C LES 402
"",
"Z1, Z2, Z3, Z4",A LES G02
"J1, J2, J3, J4",A LES G02
P15-16,E LES 100
P15-16,D LAB BASEMENT K01
P15-16,D LES 102
"Q1, Q2",C LES 102
P21-22,D LES 103
P13-14,D1 LAB K08
"",
"Z1, Z2, H3, H4",D LAB BASEMENT K03
K1,C LES 404
K2,C LES 404
N1,D1 LAB 416
N2,D1 LAB 416
I1,D1 LAB 416
I2,D1 LAB 416
J1,D LES 309
J2,C LES 306
T3,D LES 404
K1,C LES 307
"",
"I1, I2, I3, I4",A LES G02
"H1, H2, J1, J2",C LES 101
O1,D1 LAB 409
O1,D1 LAB 410
O1,D1 LAB 411
O1,D1 LAB 412
O2,D1 LAB 413
O2,D1 LAB 410
O2,D1 LAB 411
O2,D1 LAB 412
K1,D1 LAB 403
K2,D1 LAB 414
N1,D1 LAB 415
N2,D1 LAB 415
G2,D1 LAB 415
J1,D1 LAB 405
J1,D1 LAB 411
J2,D LES 405
J2,D LES 406
T3,D LES 309
T3,C LES 305
T4,D1 LAB 412
T4,D1 LAB 413
I3,D LES 106
I4,D1 LAB 403
Q3,D1 LAB 402
Q4,D1 LAB 402
Q4,D1 LAB 403
"",
"I1, I2, I3, I4",A LES G02
"H1, H2, J1, J2",C LES 101
O1,D1 LAB 409
O1,D1 LAB 410
O1,D1 LAB 411
O1,D1 LAB 412
O2,D1 LAB 413
O2,D1 LAB 410
O2,D1 LAB 411
O2,D1 LAB 412
K1,D1 LAB 403
K2,D1 LAB 414
N1,D1 LAB 415
N2,D1 LAB 415
G2,D1 LAB 415
"",D1 LAB 411
J2,D LES 405
J2,D LES 406
T3,D LES 309
T3,C LES 305
T4,D1 LAB 412
T4,D1 LAB 413
I3,D LES 106
I4,D1 LAB 403
Q3,D1 LAB 402
Q4,D1 LAB 402
Q4,D1 LAB 403
"",
"WE 14, WE 15, WE
16, WE 17",B LES 100
"K1, K2, J1, J2",B LES 101
O1,D1 LAB 408
O1,D1 LAB 407
O2,D1 LAB 409
G2,D1 LAB 413
G2,D1 LAB 414
M3,D1 LAB 401
O1,D1 LAB 416
O2,D1 LAB 416
M3,D LES 307
"",
"T1, T2, T3, T4",A LES G01
"",
"T1, T2, T3, T4",A LES G01
K3,D LES 308
K3,D1 LAB 403
K3,D1 LAB 404
K4,D1 LAB 410
K4,D1 LAB 411
K4,D1 LAB 412
J1,D1 LAB 401
J1,D1 LAB 408
J1,D1 LAB 416
J2,D1 LAB 408
J2,C LES 404
J2,C LES 403
H3,D1 LAB 403
H3,D1 LAB 412
H3,D1 LAB 413
H4,C LES 306
H4,C LES 308
H4,D1 LAB 408
"",
"T1, T2, T3, T4",A LES G01
K3,D LES 308
K3,D1 LAB 403
K3,D1 LAB 404
K4,D1 LAB 410
K4,D1 LAB 411
K4,D1 LAB 412
J1,D1 LAB 401
J1,D1 LAB 408
J1,D1 LAB 416
J2,D1 LAB 408
J2,C LES 404
J2,C LES 403
H3,D1 LAB 403
H3,D1 LAB 412
H3,D1 LAB 413
H4,C LES 306
H4,C LES 308
H4,D1 LAB 408
"",
"J1, J2, J3, J4",A LES G01
"O1, O2",B LES 101
P13-14,C LES 102
"",
"J1, J2, J3, J4",A LES G01
P13-14,D LAB BASEMENT K03
P13-14,D1 LAB K09
"",
T1,B LES 101
"R1, R2",A LES G01
Q1,D1 LAB 401
Q2,D1 LAB 408
Q2,D1 LAB 410
T2,D1 LAB K12
T2,D LES 404
S1,D1 LAB 410
S2,D1 LAB 411
S1,D LES 305
S2,D1 LAB 410
T3,D LES 308
Q1,C LES 309
"",
"H1, H2, R1, R2",D LAB BASEMENT K03
K1,D1 LAB 401
K2,D1 LAB 415
N1,D1 LAB 414
N2,D1 LAB 414
I1,D1 LAB 410
I2,D LES 308
T3,D LES 308
T4,D1 LAB 415
K1,D1 LAB 414
T4,D1 LAB 401
"",
"L1, L2",D LES 105
"",
"Z1, Z2",D LES 102
"I3, I4",D1 LAB K10
"L1, L2",D1 LAB K10
"H1, H2",C LES 102
"O3, O4",D1 LAB K12
"",D LAB BASEMENT K01
G1,C LES 402
O2,C LES 201
Q2,D LES 106
R 3,C LES 201
S1,D LES 106
S3,D LES 106
"",
"N3, N4",E LES 200
"",
"O2, T3, T4",D2 LAB 122
P25-28,D3 LAB 240
"",
"Z2, G4, Z3",C LES 309
P6-9,B2 LAB 12
"",
"G1, N1, N2",B2 LAB 119
P13-16,B2 LAB 119
"",
"Z1, Z2, Z3, Z4",C LES 306
"Z1, Z2, Z3, Z4",C LES 306
"",
"Z1, Z2, Z3, Z4",C LES 306
"Z1, Z2, Z3, Z4",C LES 306
"",
"T1, T2, T3, T4",D LES 301
"T1, T2, T3, T4",D LES 301
"T1, T2, T3, T4",D LES 301
"",
"T1, T2, T3, T4",D LES 301
"T1, T2, T3, T4",D LES 301
"T1, T2, T3, T4",D LES 301
"",
"M1, M2, M3, M4",D LES 407
"M1, M2, M3, M4",D LES 407
"",
"M1, M2, M3, M4",D LES 407
"M1, M2, M3, M4",D LES 407
"",
"Q1, Q2, Q3, Q4",D LES 405
"Q1, Q2, Q3, Q4",D LES 405
"",
"Q1, Q2, Q3, Q4",D LES 405
"Q1, Q2, Q3, Q4",D LES 405
"",
"I1, I2",D1 LAB K08
"M3, M4",C LES 101
"M1, M2",C LES 304
"Q3, Q4",B LES 104
"",
"I3, I4",D1 LAB K08
"I1, I2",D1 LAB K08
"",
"T1, T2, T3, T4",E LES 100
"T1, T2, T3, T4",E LES 100
"T1, T2, T3, T4",E LES 100
"",
"T1, T2, T3, T4",E LES 100
"T1, T2, T3, T4",E LES 100
"T1, T2, T3, T4",E LES 100
"",
"M1, M2, M3, M4",D1 LAB K08
"M1, M2, M3, M4",D1 LAB K08
"M1, M2, M3, M4",D1 LAB K08
"",
"M1, M2, M3, M4",D1 LAB K08
"M1, M2, M3, M4",D1 LAB K08
"M1, M2, M3, M4",D1 LAB K08
"",
"H1, H2, T3, T4",D LES 102
"H1, H2, T3, T4",D LES 102
"H1, H2, T3, T4",D LES 304
"",
"H1, H2, T3, T4",D LES 102
"H1, H2, T3, T4",D LES 102
"H1, H2, T3, T4",C LES 204
"",
"H1, H2, J1, J2",D LAB BASEMENT K01
"H1, H2, J1, J2",D LAB BASEMENT K01
"",
"C1, C2, Q3, Q4",C LES 401
"",
"P1-2, P17-18",D LES 103
"P1-2, P17-18",D LES 103
"",
"L1, L2, L3, L4",C1 LAB 215
"L1, L2, L3, L4",C1 LAB 215
"",
"K1, K2",C LES 204
"S1, S2",C LES 202
"",
"K1, K2",C LES 204
"S1, S2",C LES 202
"",
"I1, I2, K3, K4",C LES 202
"I1, I2, K3, K4",C LES 202
"",
P25-28,C LES 201
P25-28,C LES 201
"",
"O1, O2, N1, N2",C1 LAB 215
"M1, M2, Q1, Q2",C1 LAB 215
P6-8,C1 LAB 215
"",
"O1, O2, N1, N2",C1 LAB 215
"M1, M2, Q1, Q2",C1 LAB 215
P6-8,C1 LAB 221
"",
"Z3, Z4",D1 LAB 108
"Z3, Z4",D1 LAB 108
"",
P8-9,D1 LAB 108
P8-9,D1 LAB 108
"",
P25-26,D1 LAB 108
P25-26,E LES 201
P25-26,E LES 202
"",
"L3, L4",E LES 200
"I3, I4",D LAB BASEMENT K01
"",
"H1, H2, J1, J2",D LAB BASEMENT K01
"H1, H2, J1, J2",D LAB BASEMENT K01
"",
"C1, C2, Q3, Q4",C LES 401
"C1, C2, Q3, Q4",D LES 102
"",
"P1-2, P17-18",D LES 103
"P1-2, P17-18",D LES 103
"",
"O1, O2, O3, O4",E LES 200
"O1, O2, O3, O4",C LES 102
"H3, H4",C LES 203
"H3, H4",C LES 204
"H3, H4",D LES 202
"H3, H4",D LES 203
"H3, H4",D LES 204
"H3, H4",D LES 106
"",
"T1, T2, R1, R2",D LES 201
"R3, R4",D LES 201
"",
"N1, N2, R1, R2",D LES 202
"K1, K2",C LES 202
"",
"O1, O2, O3, O4",E LES 200
"O1, O2, O3, O4",C LES 102
"",
"H3, H4",C LES 203
"H3, H4",C LES 204
"H3, H4",D LES 202
"H3, H4",D LES 203
"H3, H4",D LES 204
"H3, H4",D LES 106
"",
"G1, G2, G3",E LES 200
"G1, G2",B LES 103
G3,C LES 201
"C1, C2",C LES 202
"C1, C2",C LES 203
"C1, C2",C LES 102
"C1, C2",D LES 202
"",
"G1, G2, G3",E LES 200
"G1, G2",B LES 103
G3,C LES 201
"C1, C2",C LES 201
"C1, C2",C LES 202
"C1, C2",C LES 203
"C1, C2",D LES 202
"",
"N1, N2, N3, N4",C LES 309
"J3, J4, C3, C4",C LES 304
"",C LES 309
"J3, J4, C3, C4",C LES 304
"",
"Q1, Q2, Q3, Q4",C LES 201
P12-15,D1 LAB K09
"",
"J1, J2",D LAB BASEMENT K02
"J1, J2",D LAB BASEMENT K02
"",
"J1, J2",D LAB BASEMENT K02
"J1, J2",D LAB BASEMENT K02
"",
"S1, S2",D LES 203
"S1, S2",D LES 203
"",
"T1, T2",C LES 204
"",
"T1, T2",C LES 204
P25-28,C LES 201
"",
"O1, O2, S1, S2",B LES 100
K1,D1 LAB 404
K2,D1 LAB 415
N1,D1 LAB 402
N2,D1 LAB 414
I1,D1 LAB 410
I2,D LES 308
J1,D1 LAB 409
J2,D1 LAB 409
T3,C LES 301
T4,D1 LAB 415
"",
"N1, N2, S1, S2",A LES G01
"",
"N1, N2, S1, S2",A LES G01
"",
"U 14, TU 15, TU 16,
TU 17",D1 LAB K08
"I1, I2, R1, R2",B LES 101
M1,C LES 310
M1,D LES 312
M2,D1 LAB 414
M2,D1 LAB 415
L1,D1 LAB 408
L2,D1 LAB 412
L1,D1 LAB 409
M2,D LES 312
L2,D1 LAB 401
L1,D1 LAB 401
"",
"I1, I2, I3, I4",A LES G01
"I1, I2, I3, I4",A LES G01
"",
"N1, N2, L1, L2",C LES 101
P29-32,D2 LAB 115
P29-32,D2 LAB 116
"",
"O1, O2, T1, T2, J4, C3",C LES 101
"O1, O2, T1, T2, J4, C3",D LES 102
"",
"I2, R1",D1 LAB 405
T4,D1 LAB 402
"N2, H3",D1 LAB 410
O4,C LES 301
"K3, L2",D1 LAB 410
T4,D1 LAB 402
"M1, T3",D1 LAB 415
O4,C LES 301
"M1, T3",D1 LAB 402
O4,C LES 301
"K3, L2",D1 LAB 411
T4,D1 LAB 402
"N2, H3",D1 LAB 411
O4,C LES 301
"I2, R1",D1 LAB 411
T4,D1 LAB 402
"M4, I3",D1 LAB 406
T4,D1 LAB 402
"M4, I3",D1 LAB 407
O4,C LES 301
"I1, H4",D LES 405
T4,D1 LAB 402
"",
"O1, O2, T1, T2, J4, C3",C LES 101
"O1, O2, T1, T2, J4, C3",D LES 102
"",
"I2, R1",D1 LAB 405
T4,D1 LAB 402
"N2, H3",D1 LAB 410
O4,C LES 301
"K3, L2",D1 LAB 410
T4,D1 LAB 402
"M1, T3",D1 LAB 415
O4,C LES 301
"",C LES 301
"K3, L2",D1 LAB 411
T4,D1 LAB 402
"N2, H3",D1 LAB 411
O4,C LES 301
"I2, R1",D1 LAB 411
T4,D1 LAB 402
"M4, I3",D1 LAB 406
T4,D1 LAB 402
"M4, I3",D1 LAB 407
O4,C LES 301
"I1, H4",D LES 405
T4,D1 LAB 402
"",
"M3, M4, H4",C LES 201
P1-4,D3 LAB 240
P17-20,D3 LAB 240
"",
"Q1, Q2",D LES 304
T2,D LES 305
"",
"O1, O2, S1, S2",D LES 403
K1,D1 LAB 405
"",
I2,E LES 100
"M3, M4",D LES 301
I1,E LES 100
"",
"I1, I2",B LES 100
"",
"L3, L4, L1, L2",D LES 101
P21-24,D2 LAB 115
P21-24,D2 LAB 116
P29-32,D2 LAB 333
"",
"G1, G2, Z3, Z4",C LES 201
P13-20,D2 LAB 333
"P23-28, O3, G3",D2 LAB 333
"",
"G1, G2, Z3, Z4",C LES 201
P13-20,D2 LAB 333
"P23-28, O3, G3",D2 LAB 333
"",
"N1, N2, N3, N4",C LES 203
"M2, Q1, Q2, P6-9",D2 LAB 333
"Z1, Z2, P1-4, R3",D2 LAB 333
"",
"N1, N2, N3, N4",C LES 203
"M2, Q1, Q2, P6-9",D2 LAB 333
"Z1, Z2, P1-4, R3",D2 LAB 333
"",
"M1, M2, M3, M4",C LES 401
P13-16,D2 LAB 115
P13-16,D2 LAB 116
P25-28,D2 LAB 115
P25-28,D2 LAB 116
"O1, O2",D3 LAB 240
"Q1, Q2",D3 LAB 240
"",
"T1, T2, T3, T4",D LES 105
"T1, T2, T3, T4",D LES 202
P17-20,D2 LAB 115
P17-20,D2 LAB 116
"L1, L2",D LES 201
"",
"K1, K2, M3, M4",C LES 402
P17-20,D2 LAB 115
P17-20,D2 LAB 116
"S1, S2",D2 LAB 121
"",
"O1, O2, O3",D2 LAB 115
P25-28,D2 LAB 115
"",
"M1, M2, M3, M4",D2 LAB 122
"Z1, Z2, P1-4",D2 LAB 115
"",
"M1, M2, M3, M4",D2 LAB 122
"Z1, Z2, P1-4",D2 LAB 121
"",
"Q1, Q2, Q3, Q4",D2 LAB 122
"P29-32, S3, S4",D2 LAB 121
"",
"Q1, Q2, Q3, Q4",D2 LAB 122
"P29-32, S3, S4",D2 LAB 121
"",
"H1, H2, H3, H4",D LES 404
"O1, O2, C1, C2",C LES 307
P6-7,D LES 306
"",D LES 301
P27-28,D LES 307
"",
"Q3, Q4",D LES 101
"",
"O1, O2",D1 LAB 108
"T1, T2",D1 LAB 108
"Z1, Z2",D1 LAB 108
"T3, T4",D1 LAB 108
"",
"O1, O2",D1 LAB 108
"T1, T2",D1 LAB 108
"R1, R2",D1 LAB 108
"T3, T4",D1 LAB 108
"",
"K1, K2",A LES G02
"K1, K2",A LES G02
"C1, C2",A LES G01
"S1, S2",B LES 101
"K3, K4",A LES G02
"K3, K4",A LES G02
"K1, K2",A LES G02
H1,D1 LAB 402
H1,D1 LAB 403
H1,D1 LAB 404
H1,D1 LAB 405
H1,D1 LAB 406
H1,D1 LAB 407
H1,D1 LAB 411
H1,D1 LAB 412
H2,D1 LAB 410
H2,D1 LAB 402
H2,D1 LAB 403
H2,D1 LAB 404
H2,D1 LAB 405
H2,D1 LAB 406
H2,D1 LAB 407
H2,D1 LAB 411
Q2,D1 LAB 401
Q2,D1 LAB 402
Q2,D1 LAB 405
Q2,D1 LAB 406
Q2,D1 LAB 411
Q2,D1 LAB 412
Q2,D1 LAB 413
Q2,D1 LAB 414
I1,D LES 308
I1,D LES 309
I1,D LES 311
I1,D LES 312
I1,D LES 404
I1,D LES 406
I1,D LES 408
I1,D LES 411
M3,D1 LAB 402
M3,D1 LAB 403
M3,D1 LAB 404
M3,D1 LAB 405
M3,D1 LAB 406
M3,D1 LAB 407
M3,D1 LAB 410
M3,D1 LAB 411
M4,D1 LAB 402
M4,D1 LAB 403
M4,D1 LAB 404
M4,D1 LAB 405
M4,D1 LAB 408
M4,D1 LAB 409
M4,D1 LAB 410
M4,D1 LAB 411
T3,D1 LAB 416
T3,D1 LAB 401
T3,D1 LAB 407
T3,D LES 311
T3,D1 LAB 406
T3,D1 LAB 412
T3,D1 LAB 404
T3,D1 LAB 403
T4,D1 LAB 403
T4,D1 LAB 404
T4,D1 LAB 405
T4,D1 LAB 406
T4,D1 LAB 416
T4,D LES 308
T4,D LES 309
T4,D LES 310
"",
"K1, K2",A LES G02
"K1, K2",A LES G02
"C1, C2",A LES G01
"S1, S2",B LES 101
"K3, K4",A LES G02
"K3, K4",A LES G02
"K1, K2",A LES G02
"",
D1 LAB 402,
"",D1 LAB 403
H1,D1 LAB 404
H1,D1 LAB 405
H1,D1 LAB 406
H1,D1 LAB 407
H1,D1 LAB 411
H1,D1 LAB 412
H2,D1 LAB 410
H2,D1 LAB 402
H2,D1 LAB 403
H2,D1 LAB 404
H2,D1 LAB 405
H2,D1 LAB 406
H2,D1 LAB 407
H2,D1 LAB 411
Q2,D1 LAB 401
Q2,D1 LAB 402
Q2,D1 LAB 405
Q2,D1 LAB 406
Q2,D1 LAB 411
Q2,D1 LAB 412
Q2,D1 LAB 413
Q2,D1 LAB 414
I1,D LES 308
I1,D LES 309
I1,D LES 311
I1,D LES 312
I1,D LES 404
I1,D LES 406
I1,D LES 408
I1,D LES 411
M3,D1 LAB 402
M3,D1 LAB 403
M3,D1 LAB 404
M3,D1 LAB 405
M3,D1 LAB 406
M3,D1 LAB 407
M3,D1 LAB 410
M3,D1 LAB 411
M4,D1 LAB 402
M4,D1 LAB 403
M4,D1 LAB 404
M4,D1 LAB 405
M4,D1 LAB 408
M4,D1 LAB 409
M4,D1 LAB 410
M4,D1 LAB 411
T3,D1 LAB 416
T3,D1 LAB 401
T3,D1 LAB 407
T3,D LES 311
T3,D1 LAB 406
T3,D1 LAB 412
T3,D1 LAB 404
T3,D1 LAB 403
T4,D1 LAB 403
T4,D1 LAB 404
T4,D1 LAB 405
T4,D1 LAB 406
T4,D1 LAB 416
T4,D LES 308
T4,D LES 309
T4,D LES 310
"",
"H1, H2",E LES 200
"H1, H2",E LES 200
"H1, H2",E LES 200
"",
"T3, T4",B LES 101
"T3, T4",B LES 101
"T3, T4",B LES 101
"",
H1,D1 LAB 413
H2,D1 LAB 412
T3,D LES 405
T4,C LES 203
T1,D1 LAB K12
T2,D1 LAB 410
H4,D1 LAB 411
H4,D1 LAB 412
H4,D1 LAB 413
H4,D1 LAB 410
I3,D1 LAB 403
I3,D1 LAB 408
I3,C LES 403
I3,D1 LAB 411
"",
"H1, H2",E LES 200
"H1, H2",E LES 200
"H1, H2",E LES 200
"T3, T4",B LES 101
"T3, T4",B LES 101
"T3, T4",B LES 101
"",
H1,D1 LAB 413
H2,D1 LAB 412
T3,D LES 405
T4,C LES 203
T1,D1 LAB K12
T2,D1 LAB 410
H4,D1 LAB 411
H4,D1 LAB 412
H4,D1 LAB 413
H4,D1 LAB 410
I3,D1 LAB 403
I3,D1 LAB 408
I3,C LES 403
I3,D1 LAB 411
"",
"C1, C2",E LES 200
"C1, C2",E LES 200
"",E LES 200
"H3, H4",D1 LAB K08
"",
"C1, C2",E LES 200
"C1, C2",E LES 200
"C1, C2",E LES 200
"H3, H4",C LES 103
"",
"I3, I4, J1",B LES 100
J2,B LES 100
"",
"H1, H2",D1 LAB 401
"H1, H2",D1 LAB 401
"",
"R3, R4",C LES 401
"",
"T3, T4",D LES 101
"",
"Z1, Z2, Z3, Z4",E LES 200
"Z1, Z2, Z3, Z4",C LES 202
"",
"P1-4, R3",C1 LAB K001
"P6-9, L3",C2 LAB 115
P12-16,C1 LAB K001
"P17-20, N3",C2 LAB 115
"L2, P21-24",C2 LAB 115
"P25-28, O3",C2 LAB 115
"P29-32, S3",C1 LAB K001
P1-2,D LES 201
P6-7,D1 LAB K11
P12-13,C LES 404
P17-18,D1 LAB K12
"L2, P21",D1 LAB K11
P25-26,C LES 101
P29-30,C LES 204
"",
"K1, K2",C LES 308
"K1, K2",C LES 309
"I1, I2",D1 LAB 401
"I1, I2",D1 LAB 402
"M4, T1",D LES 308
"M4, T1",C LES 308
"J1, J2",C LES 309
"J1, J2",D1 LAB 403
"L2, R1",D LES 305
"L2, R1",C LES 310
"H3, H4",D LES 309
"H3, H4",C LES 403
"J3, J4",C LES 308
"J3, J4",C LES 309
"",
"Z1, Z2, Z3, Z4",D LES 103
"M1, M2, M3, M4",D LES 309
"O1, O2, O3, O4",D1 LAB K09
P29-32,C2 LAB 115
P25-28,C1 LAB K001
P29-30,D LES 106
P25-26,D1 LAB K10
"R1, R2",D LES 204
"R1, R2",D1 LAB K09
"",
"O1, O2, O3, O4",D1 LAB K09
"M1, M2, M3, M4",D LES 203
P25-28,C2 LAB 115
P29-32,C2 LAB 115
P25-26,D1 LAB K10
P29-30,D LES 106
"H3, H4",C LES 310
"J3, J4",D LES 307
"",
"H1, H2",C LES 201
"H3, H4",D1 LAB K10
"O1, O2, Z1, Z2",C2 LAB 115
P6-9,C2 LAB 115
"O1, O2",C LES 203
P6-7,C LES 401
"O1, O2",D LES 408
"I1, I2",D LES 410
"",
"Z1, Z2, Z3, Z4",D LES 101
"Z1, Z2, Z3, Z4",D LES 101
"P1-4, R3",C1 LAB K001
"P6-9, L3",C1 LAB K001
"P17-20, N3",C1 LAB K001
"P29-32, S3",C1 LAB K001
P1-2,D LES 203
P6-7,D1 LAB K11
P17-18,D1 LAB K12
P29-30,B LES 103
"K1, K2",C LES 308
"I1, I2",D1 LAB 401
"J1, J2",D LES 203
"J3, J4",C LES 309
"",
"Z1, Z2, Z3, Z4",C LES 203
"P1-4, R3",C2 LAB 115
"P6-9, L3",C2 LAB 115
"P17-20, N3",C2 LAB 115
"P25-28, O3",C2 LAB 115
"P29-32, S3",C2 LAB 115
P1-2,D LES 104
P6-7,B LES 103
P17-18,D LES 106
P25-26,C LES 103
P29-30,D LES 104
"K1, K2",C LES 310
"I1, I2",D1 LAB 409
"J1, J2",D LES 310
"",C LES 307
"",
"M1, M2, M3, M4",D LES 309
P25-28,C2 LAB 115
P29-32,C2 LAB 115
P25-26,D LES 304
P29-30,D LES 201
"H3, H4",D LES 308
"J3, J4",D LES 309
"",
"H1, H2, H3, H4",C LES 202
"O1, O2, Z1, Z2",C2 LAB 115
P6-9,C2 LAB 115
"O1, O2",C LES 404
P6-7,D LES 307
"O1, O2",D LES 312
"I1, I2",C LES 304
"",
"Z1, Z2, Z3, Z4",C LES 203
"",
"P1-4, R3",C2 LAB 115
"P6-9, L3",C2 LAB 115
"P17-20, N3",C2 LAB 115
"P25-28, O3",C2 LAB 115
"P29-32, S3",C2 LAB 115
"",
P1-2,D LES 204
P6-7,D1 LAB K12
P17-18,D LES 106
P25-26,D LES 201
P29-30,D LES 104
"",
"K1, K2",C LES 310
"I1, I2",D1 LAB 408
"J1, J2",D LES 104
"H3, H4",D LES 309
"J3, J4",C LES 403
"",
"O1, O2, Q3, Q4",C LES 202
"P15-20, N3, N4",C2 LAB 122
"P22-28, O3",C2 LAB 122
R1,C LES 402
"",
"O1, O2, Q3, Q4",C LES 202
"P15-20, N3, N4",C2 LAB 122
"P22-28, O3",C2 LAB 122
R1,C LES 402
"",
"O1, O2, Q3, Q4",C LES 202
"P15-20, N3, N4",C2 LAB 122
"P22-28, O3",C2 LAB 122
R1,D LES 105
"",
"O1, O2, Q3, Q4",C LES 202
"P15-20, N3, N4",C2 LAB 122
"P22-28, O3",C2 LAB 122
R1,D LES 105
"",
"O1, O2, R1, R2",C LES 305
"P15-20, N3, N4",C2 LAB 123
"P23-28, O3, G3",C2 LAB 123
O4,C LES 308
"",
"O1, O2, R1, R2",C LES 305
"P15-20, N3, N4",C2 LAB 123
"P23-28, O3, G3",C2 LAB 123
O4,C LES 308
"",
"O1, O2, R1, R2",C LES 305
"P15-20, N3, N4",C2 LAB 123
"P23-28, O3, G3",C2 LAB 123
O4,C LES 308
"",
"O1, O2, R1, R2",C LES 305
"P15-20, N3, N4",C2 LAB 123
"P23-28, O3, G3",C2 LAB 123
O4,C LES 308
"",
"G1, Z3, Z4",D1 LAB K08
"G1, Z3, Z4",D1 LAB K08
"G1, Z3, Z4",D1 LAB K08
"",
"L4, L2",C LES 204
P1-4,B1 LAB 204
"",
"H1, H2",D1 LAB K08
"",
"Q2, Q4",D LES 106
P17-20,D1 LAB K09
"",
"I1, I2",B1 LAB 204
"R1, R2",B2 LAB 219
P8-9,B1 LAB 204
P23-24,B2 LAB 219
"",
"I3, I4",C LES 308
"I3, I4",C LES 308
"",
"M1, M2",D LES 406
"M1, M2",D LES 406
"",
"M2, M3, M4",D LES 405
M1,D LES 405
"",
"M2, M3, M4",D LES 405
M1,D LES 405
"",
"S1, S2, S3, S4",C LES 304
"",
"S1, S2, S3, S4",C LES 304
"",
H1,D LES 305
I3,D LES 306
"",
H1,D LES 305
I3,D LES 306
"",
"T3, T4",B LES 100
"",D LES 104
S1,D1 LAB 409
S1,D LES 202
S2,D1 LAB 409
S2,C LES 308
S2,C LES 309
"",
"M1, M2",D1 LAB 108
"S1, S2",D1 LAB 108
"",
"Q1, Q2, I3, I4",B LES 100
"",
"L1, L2",A LES G02
"T3, T4",D LAB BASEMENT K03
"T1, T2",D LES 106
"O1, O2",D LES 105
"",
"L1, L2",A LES G02
"T3, T4",D LAB BASEMENT K03
"T1, T2",D LES 106
"O1, O2",D LES 105
"",
"R1, R2",B LES 100
"Q1, Q2",D LES 103
"",
"O1, O2",A LES G02
"N1, N2",E LES 100
"N1, N2",E LES 100
"",
K1,D LES 308
K2,D LES 308
H1,C LES 301
K1,D LES 408
K2,D LES 408
H1,C LES 305
K1,D LES 410
K2,D LES 410
H1,C LES 304
Q1,D LES 311
Q1,D LES 404
Q2,D LES 311
Q2,D LES 404
I1,C LES 404
I1,C LES 402
I1,D LES 306
S2,D LES 406
J1,D LES 406
S1,D LES 405
J1,D LES 405
S1,D LES 406
"",
"O1, O2",A LES G02
"N1, N2",E LES 100
"N1, N2",E LES 100
"",
K1,D LES 308
K2,D LES 308
H1,C LES 301
K1,D LES 408
K2,D LES 408
H1,C LES 305
K1,D LES 410
K2,D LES 410
H1,C LES 304
Q1,D LES 311
Q1,D LES 404
Q2,D LES 311
Q2,D LES 404
I1,C LES 404
"",D LES 310
I1,C LES 308
S2,D LES 406
J1,D LES 406
S1,D LES 405
J1,D LES 405
S1,D LES 406
"",
"T3, T4",C LES 101
"J3, J4",C LES 103
"J3, J4",C LES 103
"",
"T3, T4",C LES 101
"J3, J4",C LES 103
"J3, J4",C LES 103
"",
"Z1, Z2",D1 LAB K10
"Z3, Z4",B LES 104
"Z3, Z4",C LES 302
"",
"M1, M2",C LES 101
"Q1, Q2",C LES 203
"M1, M2",C LES 101
"Q1, Q2",C LES 203
"",
"M1, M2",C LES 101
"Q1, Q2",D LES 102
"M1, M2",C LES 101
"Q1, Q2",D LES 102
"",
"N1, N2",D LES 104
P13-15,C LES 201
"",
"Z1, Z2",D1 LAB K11
"Z3, Z4",D LES 201
"",
"T3, T4",C LES 101
"",
"L1, L2",D2 LAB 122
P17-20,D3 LAB 240
"",
"J3, J4, C3, C4",E LES 100
"J3, J4, C3, C4",E LES 100
"",
"G1, G2, G3, G4",D1 LAB 108
"G1, G2, G3, G4",D1 LAB 108
"G1, G2, G3, G4",D1 LAB 108
"N1, N2, N3, N4",D1 LAB 108
"N1, N2, N3, N4",D1 LAB 108
"N1, N2, N3, N4",D1 LAB 108
"",
"Q1, M3, Q3",B LES 101
P29-30,E RING 205
P29-30,E RING 206
P29-30,E RING 207
P31-32,E RING 205
P31-32,E RING 206
P31-32,E RING 207
"S3, S4",E RING 205
"S3, S4",E RING 206
"S3, S4",E RING 207
"M1, M2",D1 LAB K12
"",
"Q1, M3, Q3",B LES 101
"Q1, M3, Q3",D LAB BASEMENT K01
P29-30,E RING 205
P29-30,E RING 206
P29-30,E RING 207
P31-32,E RING 205
P31-32,E RING 206
P31-32,E RING 207
"S3, S4",E RING 205
"S3, S4",E RING 206
"S3, S4",E RING 207
"M1, M2",D LES 103
"L2, R1",D LES 309
"M1, M2",D1 LAB K10
"Z3, Z4",D1 LAB 409
"",
"Q1, M3, Q3",B LES 101
P29-30,E RING 205
P29-30,E RING 206
P29-30,E RING 207
P31-32,E RING 205
P31-32,E RING 206
P31-32,E RING 207
"S3, S4",E RING 205
"S3, S4",E RING 206
"S3, S4",E RING 207
"M1, M2",D1 LAB K12
"L2, R1",D LES 204
"",
"Q1, M3, Q3",B LES 101
"Q1, M3, Q3",D LAB BASEMENT K01
P29-30,E RING 205
P29-30,E RING 206
P29-30,E RING 207
P31-32,E RING 205
P31-32,E RING 206
P31-32,E RING 207
"S3, S4",E RING 205
"S3, S4",E RING 206
"S3, S4",E RING 207
"",D1 LAB K10
"Z3, Z4",D1 LAB 408
"",
"Z2, I1, Z4",C LES 101
"Z2, I1, J4",C LES 101
P7-9,E RING 203
P7-9,E RING 204
P7-9,E RING 205
P7-9,E RING 206
P7-9,E RING 207
P7-9,E LES 202
P7-9,E LES 202
Z1,C LES 101
Z1,C LES 101
Z3,C LES 402
J3,C LES 402
"",
"Z2, I1, Z4",C LES 103
"Z2, I1, J4",C LES 103
P7-9,E RING 203
P7-9,E RING 204
P7-9,E RING 205
P7-9,E RING 206
P7-9,E RING 207
P7-9,E LES 202
P7-9,E LES 202
Z1,C LES 103
Z1,C LES 103
Z3,C LES 402
J3,C LES 402
"",
"O1, O2, O4",D LAB BASEMENT K02
H3,E RING 203
"O1, O2, O4",D LAB BASEMENT K02
H3,E RING 204
"O1, O2, O4",D LAB BASEMENT K02
H3,E RING 205
"O1, O2, O4",D LAB BASEMENT K02
H3,E RING 206
"O1, O2, O4",D LAB BASEMENT K02
H3,E RING 207
"O1, O2, O4",D LAB BASEMENT K02
H3,E RING 207
"P26-28, O3",E RING 203
"P26-28, O3",E RING 204
"P26-28, O3",E RING 205
"P26-28, O3",E RING 206
"P26-28, O3",E RING 207
"P26-28, O3",E RING 207
"",
"O1, O2, O4",D LAB BASEMENT K02
H3,E RING 203
"O1, O2, O4",D LAB BASEMENT K02
H3,E RING 204
"O1, O2, O4",D LAB BASEMENT K02
H3,E RING 205
"O1, O2, O4",D LAB BASEMENT K02
H3,E RING 206
"O1, O2, O4",D LAB BASEMENT K02
H3,E RING 207
"O1, O2, O4",D LAB BASEMENT K02
H3,E RING 207
"P26-28, O3",E RING 203
"P26-28, O3",E RING 204
"P26-28, O3",E RING 205
"P26-28, O3",E RING 206
"P26-28, O3",E RING 207
"P26-28, O3",E RING 207
"",
"Q3, Q4",B2 LAB 219
P6-7,B2 LAB 219
"",
"M1, M2, L1, L2",B3 LAB 11
P6-9,C LES 308
"",
"K3, K4, Q4, J3",C LES 102
"P30-32, S3",C LES 102
"",
"K3, K4, Q4, J3",C LES 102
"P30-32, S3",C LES 102
"",
"M1, M2",C LES 103
"M1, M2",C LES 103
"",
"M3, M4",E LES 100
"M3, M4",E LES 100
"",
"O1, S1, S2",D1 LAB K08
"O1, S1, S2",D1 LAB K08
"O1, S1, S2",D1 LAB K08
"",
"M3, M4",C LES 204
H4,C LES 202
P1-4,D3 LAB 240
P13-16,D3 LAB 240
"",
"Q1, Q2",C LES 203
P22-24,B2 LAB 12
"",
"Q1, Q2",B2 LAB 117
P8-9,B2 LAB 219
"",
"T1, T2, T3, T4",B1 LAB 204
P6-8,B2 LAB 117
"",
"Q1, Q2",C LES 203
P22-24,B2 LAB 12
"",
"M1, M2, J3, J4",D LES 102
Q1,D1 LAB 406
Q2,D LES 406
S2,D1 LAB 402
S2,D1 LAB 403
T3,D LES 406
T4,C LES 306
"",D LAB BASEMENT K01
Q1,D1 LAB 406
Q2,D LES 406
S2,D1 LAB 402
S2,D1 LAB 403
T3,D LES 406
T4,D LES 411
"",
"H1, H2, Q1, Q2",D1 LAB K10
I1,C LES 301
T2,D LES 405
R2,D1 LAB 412
Q4,D LES 305
S1,D1 LAB 407
"",
"H1, H2, Q1, Q2",D1 LAB K10
I1,C LES 301
T2,D LES 405
R2,D1 LAB 412
Q4,D LES 305
S1,D1 LAB 407
"",
"T1, T2, R1, R2",C LES 103
P6-7,D LAB BASEMENT K01
O1,D1 LAB 413
O2,D1 LAB 403
K1,D1 LAB 406
T3,D LES 408
T4,D LES 410
"",
"T1, T2, R1, R2",C LES 103
P6-7,D LAB BASEMENT K01
O1,D1 LAB 413
O2,D1 LAB 403
K1,D1 LAB 406
T3,D LES 408
T4,D LES 410
"",
"I3, I4",E LES 200
"",
"N3, N4",E LES 200
"",
"Z1, Q3, Q4",B LES 104
"Z1, Q3, Q4",B LES 104
Q1,D LES 403
T1,D LES 305
T3,D LES 304
T4,D LES 304
Q2,C LES 309
T2,C LES 301
"",
"M2, M3, M4",B2 LAB 219
P21-24,B2 LAB 219
"",
"M2, M3, M4",B2 LAB 219
P6-9,B2 LAB 219
"",
"O2, M1, M2",B2 LAB 119
P6-9,B2 LAB 219
"",
"M1, M3, M4",B2 LAB 119
P22-24,B LES 104
"",
"N1, N2",B LES 104
P13-16,C LES 203
"",
"Z3, Z4
I1, I2
Z3, Z4
I1, I2","B LES 101
C LES 201
D LES 102
C LES 201"
"",
"Z3, Z4",B LES 101
"I1, I2",C LES 201
"",
"Z3, Z4",D LES 102
"I1, I2",C LES 201
"",
"O3, G3, O4",D LAB BASEMENT K01
"O3, G3, O4",D LAB BASEMENT K01
"O3, G3, O4",D LAB BASEMENT K01
"",
"O3, G3, O4",D LAB BASEMENT K01
"O3, G3, O4",D LAB BASEMENT K01
"O3, G3, O4",D LAB BASEMENT K01
"",
"J1, J2, J3, J4",D LES 101
"J1, J2, J3, J4",D LES 101
"J1, J2, J3, J4",D LES 101
"",
"J1, J2, J3, J4",D LES 101
"J1, J2, J3, J4",D LES 101
"J1, J2, J3, J4",D LES 101
"",
"L1, L2",C LES 201
P1-4,D1 LAB K12
"",
"",D2 LAB 122
"",
"G2, M3",C LES 102
P17-18,D1 LAB 108
"J3, J4",D1 LAB 108
"",
"G2, M3",C LES 102
P17-18,D1 LAB 108
"J3, J4",D1 LAB 108
"",
"O1, O2, O3, O4",C LES 401
P15-16,D LES 103
"",
"O1, O2, O3, O4",C LES 401
P15-16,E LES 201
P25-26,D1 LAB 108
P31-32,C RING 303
"",
"K3, K4",B LES 100
P29-30,B LES 100
M3,D1 LAB 408
M3,D1 LAB 412
M3,D1 LAB 413
M3,D1 LAB 414
M3,D1 LAB 415
M4,D LES 406
M4,D LES 410
M4,D LES 411
M4,D1 LAB 412
M4,D1 LAB 413
M4,D1 LAB 414
M3,C LES 404
"",
"H3, H4",A LES G02
"N1, N2",B LES 101
"O3, O4",A LES G01
"N3, N4",A LES G01
O1,D1 LAB 401
O1,D1 LAB 402
O1,D1 LAB 403
O1,D1 LAB 404
O2,D1 LAB 404
O2,D1 LAB 405
O2,D1 LAB 406
O2,D1 LAB 407
H1,D LES 410
H1,D LES 405
H1,D LES 406
H1,D LES 408
N2,D1 LAB 406
N2,D1 LAB 407
N2,D1 LAB 412
N2,D1 LAB 402
M1,D1 LAB 410
M1,D1 LAB 409
M1,D1 LAB 416
M1,D1 LAB 408
Q2,D1 LAB 416
Q2,D1 LAB 415
Q2,C LES 308
Q2,C LES 403
K3,D1 LAB 405
K3,D LES 309
K3,D LES 310
K3,D LES 311
Z4,D1 LAB 403
Z4,D1 LAB 404
Z4,D1 LAB 405
Z4,D1 LAB 401
Q3,D1 LAB 411
Q3,D1 LAB 412
Q3,D1 LAB 413
Q3,D1 LAB 414
Q4,D1 LAB 411
Q4,D1 LAB 412
Q4,D1 LAB 413
Q4,D1 LAB 414
"",
"H3, H4",A LES G02
"N1, N2",B LES 101
"O3, O4",A LES G01
"N3, N4",A LES G01
O1,D1 LAB 401
O1,D1 LAB 402
O1,D1 LAB 403
O1,D1 LAB 404
O2,D1 LAB 404
O2,D1 LAB 405
O2,D1 LAB 406
O2,D1 LAB 407
H1,D LES 410
H1,D LES 405
H1,D LES 406
H1,D LES 408
N2,D1 LAB 406
N2,D1 LAB 407
N2,D1 LAB 412
N2,D1 LAB 402
M1,D1 LAB 410
M1,D1 LAB 409
M1,D1 LAB 416
M1,D1 LAB 408
Q2,D1 LAB 416
Q2,D1 LAB 415
Q2,C LES 308
Q2,C LES 403
K3,D1 LAB 405
K3,D LES 309
K3,D LES 310
K3,D LES 311
Z4,D1 LAB 403
Z4,D1 LAB 404
Z4,D1 LAB 405
Z4,D1 LAB 401
Q3,D1 LAB 411
Q3,D1 LAB 412
Q3,D1 LAB 413
Q3,D1 LAB 414
Q4,D1 LAB 411
Q4,D1 LAB 412
"",D1 LAB 414
"",
"C3, C4",A LES G01
"C3, C4",E LES 200
"Q3, Q4",D LES 103
"J3, J4",D1 LAB 401
"J3, J4",D1 LAB 408
"J3, J4",D1 LAB 409
"J3, J4",D1 LAB 416
"Q3, Q4",C LES 203
"J3, J4",D1 LAB 414
"J3, J4",D1 LAB 413
"J3, J4",D1 LAB 412
"J3, J4",D1 LAB 415
"",
"C3, C4",A LES G01
"Q3, Q4",D1 LAB K10
"J3, J4",D1 LAB 401
"J3, J4",D1 LAB 408
"J3, J4",D1 LAB 409
"J3, J4",D LAB BASEMENT K02
"",
"K1, K2",E LES 100
I3,D LES 308
T4,D LES 105
"",
"K1, K2",E LES 100
I3,D LES 105
T4,D LES 103
"",
"H1, H2",C LES 103
Z2,D LES 106
L2,D1 LAB 406
H3,D1 LAB 409
"",
"L1, L2, R1, R2",D LAB BASEMENT K02
Z2,D LES 106
L2,D1 LAB 406
H3,D1 LAB 409
"",
"I3, I4",C LES 101
"Z1, Z2",D1 LAB 411
"Z1, Z2",D1 LAB 412
"Q1, Q2",D1 LAB 407
"Q1, Q2",D1 LAB 409
"T1, T2",D1 LAB 406
"T1, T2",D1 LAB 407
"Q3, Q4",D1 LAB 407
"Q3, Q4",D1 LAB 410
"",
"I3, I4",C LES 101
"L1, L2",C LES 103
P29-30,D1 LAB K09
"T1, T2",D1 LAB K11
"T1, T2",D1 LAB 401
"Q3, Q4",D LES 103
"",
"H1, H2, J3, J4",D LES 103
"H1, H2, J3, J4",D LES 103
"",
"K3, K4, L3, L4, I4, O3",E LES 100
"G3, G4",To Be Arranged
"",
"L1, L2",D LAB BASEMENT K03
"L1, L2",D1 LAB K09
"L1, L2",E LES 100
"",
"L1, L2",D LAB BASEMENT K03
"L1, L2",D1 LAB K09
"L1, L2",D LES 105
"",
"L1, L2",B LES 101
"Z1, Z2",D1 LAB K08
O1,D LES 410
H2,D LES 406
K2,D LES 405
Q1,D1 LAB 415
J1,D LES 403
J2,D LES 403
M3,D LES 403
T2,D LES 311
T2,D LES 408
S1,D1 LAB 411
R2,D LES 408
T3,D1 LAB 409
Q3,D1 LAB 408
T4,D1 LAB 409
R2,D1 LAB 408
"",D LES 305
"",
"L1, L2",B LES 100
"Z1, Z2",D1 LAB K08
O1,D LES 410
H2,D LES 406
K2,D LES 405
Q1,D1 LAB 415
J1,D LES 403
J2,D LES 403
M3,D LES 403
T2,D LES 311
T2,D LES 408
S1,D1 LAB 411
R2,D LES 408
T3,D1 LAB 409
Q3,D1 LAB 408
T4,D1 LAB 409
R2,D1 LAB 408
Q3,D LES 305
"",
"R3, R4",A LES G01
O1,D LES 307
O2,D LES 310
T1,D1 LAB 408
C2,D LES 308
Q3,D LES 312
O1,B RING 301
T1,B RING 301
"",
"R3, R4",A LES G01
O1,D LES 312
O1,D LES 309
O2,D LES 310
T1,D LES 307
T1,D LES 404
C2,D LES 410
Q3,D LES 312
Q3,D LES 307
Q4,D LES 307
Q4,D LES 308
"",
"H1, H2",D LES 411
P29-30,B LES 100
R1,D LES 408
"",
G4,C LES 101
"",
"L1, L2",C LES 201
P12-15,D1 LAB K11
"",
"H3, H4, J3, J4, C3, C4",To Be Arranged
"",
"O3, O4",B2 LAB 119
P25-28,B2 LAB 119
"",
P21-24,B2 LAB 117
P29-32,B2 LAB 119
"",
"O1, Q4, O4",B2 LAB 119
P6-9,B2 LAB 119
"",
"O1, O2, Q3, Q4",B2 LAB 219
"",
"O1, O2",B3 LAB 11
P25-28,B2 LAB 119
"",
"G2, M3, L1, L2",B LES 104
P17-20,B2 LAB 119
"",
"Z1, Z2, Z3, Z4",B LES 100
P13-16,B2 LAB 119
P21-24,B2 LAB 119
"R3, R4",B LES 100
"",
"N1, N2, N3, N4",D LES 101
P29-32,C LES 401
"",
"N1, N2, N3, N4",C LES 102
P29-32,C LES 401
"R3, R4",C LES 201
"",
G4,C LES 101
P21-24,C LES 309
"",
"O1, O2",C LES 309
P19-20,C LES 309
"O1, O2",C LES 309
P19-20,C LES 309
"",
"T3, T4",D LES 306
"N3, N4",C LES 304
P31-32,D LES 301
"",
"T3, T4",D LES 306
"N3, N4",C LES 304
P31-32,D LES 301
"",
"Q1, Q2",D LES 306
"Q1, Q2",D LES 306
"",
"L3, L2",D LES 103
"L3, L2",C LES 402
"L3, L2",C LES 403
J1,C LES 401
J1,C LES 402
J1,C LES 403
"",
"L3, L2",D LES 103
"L3, L2",C LES 402
"L3, L2",C LES 403
J1,C LES 401
J1,C LES 402
J1,C LES 403
"",
"L3, L2",D LES 103
"L3, L2",C LES 402
"L3, L2",C LES 403
J1,C LES 103
J1,D LES 202
J1,C LES 403
"",
"L3, L2",D LES 103
"L3, L2",C LES 402
"L3, L2",C LES 403
J1,C LES 103
J1,D LES 202
J1,C LES 403
"",
"L4, L1",D LES 103
"L4, L1",C LES 402
"L4, L1",C LES 403
J2,C LES 401
J2,C LES 402
J2,D LES 312
"",
"L4, L1",D LES 103
"L4, L1",C LES 402
"L4, L1",C LES 403
J2,C LES 401
J2,C LES 402
J2,D LES 312
"",
"L4, L1",C LES 102
"L4, L1",C LES 304
"L4, L1",D LES 202
J2,C LES 103
J2,D LES 305
J2,D LES 202
"",
"L4, L1",C LES 102
"L4, L1",C LES 304
"L4, L1",D LES 202
J2,C LES 103
J2,D LES 305
J2,D LES 202
"",
"N1, N2, N3, N4",C LES 402
"N1, N2, N3, N4",D LES 103
N1,D LES 201
N2,D LAB BASEMENT K01
"N3, N4",D LES 202
"I1, I2",B LES 104
"I1, I2",D LES 204
"K3, K4",B LES 103
"K3, K4",C LES 201
"K3, K4",D LES 204
"",
"N1, N2, N3, N4",C LES 402
"N1, N2, N3, N4",D LES 103
"N1, N2",C LES 403
"N3, N4",D LES 202
"I1, I2",B LES 104
"I1, I2",D LES 204
"K3, K4",B LES 103
"K3, K4",C LES 201
"K3, K4",D LES 204
"",
"",D LES 103
"N1, N2, N3, N4",C LES 103
"I1, I2",B LES 104
"I1, I2",D LES 104
"I1, I2",B LES 103
"K3, K4",C LES 201
"K3, K4",D1 LAB 401
"",
"N1, N2, N3, N4",C LES 402
"N1, N2, N3, N4",D LES 103
"N1, N2, N3, N4",C LES 103
"I1, I2",B LES 104
"I1, I2",D LES 104
"I1, I2",B LES 103
"K3, K4",C LES 201
"K3, K4",D1 LAB 401
"",
"G1, G2, R1, R2, G3,
G4",D LES 101
G1,B LES 101
G2,E LES 100
"G3, G4",A LES G02
"Q1, Q2",C LES 101
"",
P16-20,C1 LAB 227
"L2, P21-24",C1 LAB 227
"",
"J1, J2, C1, C2",D LAB BASEMENT K03
"R1, R2, T3, T4",D LES 103
"R1, R2, T3, T4",C LES 204
"R1, R2, T3, T4",D LES 106
"",
"G1, G2",C LES 101
"G3, G4",E LES 100
"G1, G2, G3, G4",C LES 402
"",
P16-20,C1 LAB 227
"L2, P21-24",C1 LAB 227
"",
"J1, J2, C1, C2",C LES 402
"R1, R2, T3, T4",D LES 106
"",
"M1, M2, M3, M4",B LES 104
P3-4,C1 LAB 221
P13-14,C1 LAB 221
"K1, K2",D1 LAB K12
"",
"M2, Q4",C LES 201
P6-9,D LES 202
"",
"L3, L1, L2",D LAB BASEMENT K01
"L3, L1, L2",D LAB BASEMENT K01
"I1, I2, I3",C LES 103
"I1, I2, I3",C LES 103
"",
"L3, L1, L2",D LAB BASEMENT K01
"L3, L1, L2",D LAB BASEMENT K01
"I1, I2, I3",C LES 103
"I1, I2, I3
K1, K2
I1
S1","C LES 103
E LES 200
C LES 305
C LES 309"
I1,C LES 306
S1,D LES 307
I2,C LES 305
S2,D LES 307
I2,C LES 306
H3,D1 LAB 414
J1,D1 LAB 404
H3,D1 LAB 415
J2,D1 LAB 404
I2,D LES 312
"",
"Q1, Q2",A LES G01
I1,C LES 305
S1,D LES 408
I1,C LES 306
S1,D LES 411
I2,C LES 305
S2,D LES 408
I2,C LES 306
H3,D1 LAB 414
J1,D1 LAB 404
H3,D1 LAB 415
J2,D1 LAB 404
I2,D LES 312
"",
"Q1, Q2",A LES G01
"Q1, Q2",A LES G01
"Q3, Q4",A LES G01
"Q3, Q4",A LES G01
"Q3, Q4",A LES G01
"K1, K2",E LES 200
"K3, K4",D LAB BASEMENT K01
"",
G1,D1 LAB 406
G1,D1 LAB 407
G1,D1 LAB 408
Q2,C LES 302
Q2,C LES 305
Q2,C LES 306
Q2,D1 LAB 408
I2,C LES 301
I2,C LES 302
K3,D LES 312
K3,D LES 404
K3,D LES 405
K3,D LES 406
"",D LES 410
S1,D1 LAB 402
S1,D1 LAB 403
S1,D1 LAB 404
S1,D1 LAB 405
S1,D1 LAB 406
I3,C LES 301
I3,C LES 305
I3,C LES 306
I3,C LES 310
I4,D LES 404
I4,D LES 405
I4,D LES 406
I4,D LES 408
J1,C LES 301
J1,C LES 302
J1,C LES 305
J1,C LES 306
J1,C LES 307
R1,C LES 403
R1,D1 LAB 414
R2,C LES 403
R2,D1 LAB 414
H3,D LES 311
H3,D LES 408
G1,D LES 310
G1,D LES 311
G1,D LES 312
"",
"Q1, Q2",A LES G01
"Q3, Q4",A LES G01
"Q3, Q4",A LES G01
"Q3, Q4",A LES G01
"K1, K2",E LES 200
"K3, K4",D LAB BASEMENT K01
"",
G1,D1 LAB 406
G1,D1 LAB 407
G1,D1 LAB 408
Q2,C LES 302
Q2,C LES 305
Q2,C LES 306
Q2,D1 LAB 409
I2,C LES 301
I2,C LES 302
K3,D LES 312
K3,D LES 404
K3,D LES 405
K3,D LES 406
K3,D LES 408
K3,D LES 410
S1,D1 LAB 402
S1,D1 LAB 403
S1,D1 LAB 404
S1,D1 LAB 405
S1,D1 LAB 406
I3,C LES 301
I3,C LES 305
I3,C LES 306
I3,C LES 310
I4,D LES 404
I4,D LES 405
I4,D LES 406
I4,D LES 408
J1,C LES 301
J1,C LES 302
J1,C LES 305
J1,C LES 310
J1,C LES 309
R1,C LES 403
R1,D1 LAB 414
R2,C LES 403
R2,D1 LAB 414
H3,D LES 311
H3,D LES 408
G1,D LES 310
G1,D LES 311
G1,D LES 312
I2,D LES 311
I2,D LES 406
T2,D1 LAB 404
T2,D1 LAB 405
T2,D1 LAB 414
C1,D1 LAB 401
C1,D1 LAB 402
C1,D1 LAB 403
C1,D1 LAB 404
C1,D1 LAB 405
"",
"O1, O2, O4",D1 LAB K10
"O1, O2, O4",D1 LAB K10
"",
"O1, O2, O4",D1 LAB K10
"O1, O2, O4",D1 LAB K10
"",
"J1, J2, J3, J4",D LES 105
"J1, J2, J3, J4",D LES 105
"",
"J1, J2, J3, J4",D LES 105
"J1, J2, J3, J4",D LES 105
"",
"H1, H2",B LES 101
"Z3, Z4",D1 LAB K08
"",
Z1,D LES 201
T3,D LES 410
M2,D LES 408
D LES 406,
"",D LES 406
Q1,C LES 301
H1,C LES 401
Q2,C LES 301
T3,D LES 203
K1,D1 LAB 407
Q1,D LES 406
T4,C LES 302
"",
"L3, L4",D LES 301
"",
"N1, N2, N3, N4",D3 LAB 330
"",
"Q1, Q2, Q3, Q4",D3 LAB 330
"",
"Q1, Q2, Q3, Q4",C LES 401
"",
"Q1, Q2, Q3, Q4",C LES 401
"Q1, Q2, Q3, Q4",C LES 401
"",
"N1, N2, S1, S2",A LES G01
"",
"Z1, Z2, M3, M4",D LES 408
"",
"M1, M2, M3, M4",A LES G02
"C1, C2, R1, R2",B LES 100
"I1, I2, I3, I4",C LES 102
"",
H1,C LES 308
H1,D1 LAB 415
H1,D1 LAB 416
H1,D1 LAB 408
H2,C LES 308
H2,D1 LAB 415
H2,D1 LAB 416
H2,D1 LAB 408
G1,D1 LAB 412
G1,D1 LAB 414
G1,D1 LAB 415
G1,D1 LAB 402
S1,D LES 307
S1,C LES 307
S1,D LES 311
S1,C LES 309
S2,D1 LAB 407
S2,D1 LAB 405
S2,D LES 307
S2,D LES 405
G2,D1 LAB 403
G2,D1 LAB 404
G2,D1 LAB 405
G2,D1 LAB 406
Q3,D1 LAB 401
Q3,D1 LAB 403
Q3,D1 LAB 406
Q3,D1 LAB 407
Q4,D1 LAB 401
Q4,D1 LAB 406
Q4,D1 LAB 407
Q4,D1 LAB 416
"",
"",
"C1, C2, L1, L2",B LES 100
"H1, H2, M3, M4",D LAB BASEMENT K03
K2,D1 LAB 416
N1,D1 LAB 409
I1,C LES 403
I2,D LES 309
J1,C LES 404
J2,C LES 310
G1,C LES 310
L1,D1 LAB 410
T3,D LES 411
O3,D LES 311
T4,D LES 405
"",
"M1, M2, M3, M4",B LES 100
"Q1, Q2, C1, C2",A LES G02
"",
Z1,C LES 309
Z1,D1 LAB 410
Z1,D1 LAB 402
Z1,D1 LAB 403
Z2,C LES 310
Z2,D1 LAB 410
Z2,D1 LAB 414
Z2,D1 LAB 416
G1,D1 LAB 410
G1,D1 LAB 411
G1,D1 LAB 402
L1,D1 LAB 403
L1,D1 LAB 404
L1,D1 LAB 405
L1,D1 LAB 406
L2,D1 LAB 413
L2,D1 LAB 414
L2,D1 LAB 415
L2,D1 LAB 405
Q4,D1 LAB 415
Q4,D1 LAB 416
Q4,D1 LAB 408
Q4,D1 LAB 401
O4,D1 LAB 401
O4,D1 LAB 415
O4,D1 LAB 416
O4,D1 LAB 408
J4,D1 LAB 410
J4,D1 LAB 411
"",
"M1, M2, M3, M4",B LES 100
"Q1, Q2, C1, C2",A LES G02
"M1, M2, C1, C2",C LES 401
"",
O1,C LES 310
O1,C LES 403
O1,D1 LAB 414
"",D1 LAB 402
O2,C LES 306
O2,C LES 310
G1,D1 LAB 410
G1,D1 LAB 411
G1,D1 LAB 413
G2,D1 LAB 410
G2,D1 LAB 411
G2,D1 LAB 402
T3,D LES 104
T3,D LES 204
Q3,C LES 309
Q3,C LES 307
Q3,C LES 403
Q4,C LES 309
Q4,C LES 307
Q4,C LES 403
O4,C LES 403
O4,C LES 310
O4,C LES 309
"",
"H1, H2",D LES 104
"",
"H 14, TH 15, TH 16,
TH 17",D1 LAB K08
"N1, N2, I3, I4",D LAB BASEMENT K03
G1,D1 LAB 409
M1,D1 LAB 406
M2,D LES 310
M2,D LES 311
L1,D1 LAB 411
L1,D1 LAB 412
G1,D1 LAB 416
M1,D1 LAB 407
G1,D1 LAB 401
"",
"N1, N2, S1, S2",A LES G02
"C1, C2, L1, L2",D1 LAB K08
O1,C LES 310
O1,C LES 403
O1,C LES 302
O1,C LES 306
Z1,C LES 403
N1,D1 LAB 406
N1,D1 LAB 407
N1,D1 LAB 408
Q1,D1 LAB 412
Q1,D1 LAB 413
M3,C LES 302
M3,C LES 403
M3,C LES 308
J1,D LES 308
H4,D1 LAB 401
H4,D1 LAB 403
Z3,D1 LAB 401
Z3,D1 LAB 402
Z4,D1 LAB 406
Z4,D1 LAB 407
"",
"N1, N2, S1, S2",A LES G02
"C1, C2, L1, L2",D1 LAB K08
Z1,C LES 403
Z2,C LES 403
K1,C LES 403
K2,C LES 403
H1,C LES 403
Q1,D1 LAB 412
Q1,D1 LAB 413
Q1,D1 LAB 414
M3,C LES 302
M3,C LES 304
M3,C LES 203
M4,D LES 312
M4,D LES 307
M4,C LES 203
M4,B LES 104
T1,D1 LAB 404
L2,D1 LAB 413
L2,D1 LAB 414
L2,D1 LAB 405
L2,D1 LAB 415
H3,D1 LAB 401
"",
"O1, O2, R1, R2",D LAB BASEMENT K01
"MO 14, MO 15",D1 LAB 401
"I1, I2",D1 LAB 406
"J1, J2",D1 LAB 409
"H3, H4",D1 LAB 402
"I3, I4",D1 LAB 402
"",
"O1, O2, R1, R2",D LAB BASEMENT K01
"MO 14, MO 15",D1 LAB 401
"I1, I2",D1 LAB 406
"K1, K2",D1 LAB 411
"H3, H4",D1 LAB 402
"I3, I4",D1 LAB 402
"",
"K1, K2, R2",C LES 101
"K1, K2, R2",C LES 102
P18,C RING 303
P23,C RING 303
P25,C RING 303
P26,C RING 307
L2,C RING 307
P17,C RING 303
P27,C RING 307
P19,C RING 307
P21,C RING 303
P15,C RING 303
M1,D1 LAB 411
M2,C LES 306
I2,D LES 404
M4,C LES 301
M4,C LES 302
I2,D LES 405
M2,D1 LAB 402
M1,D1 LAB 412
N2,D LES 410
N2,D1 LAB 408
"",
"",C LES 102
P18,C RING 303
P23,C RING 303
P25,C RING 303
P26,C RING 307
L2,C RING 307
P17,C RING 303
P27,C RING 307
P19,C RING 307
P21,C RING 303
P15,C RING 303
M1,D1 LAB 411
M2,C LES 306
I2,D LES 404
M4,C LES 304
M4,C LES 302
I2,D LES 405
M2,D1 LAB 402
M1,D1 LAB 412
N2,D LES 410
N2,D1 LAB 408
"",
"T3, T4, S1, S2",D LES 305
R2,D1 LAB 411
"Z1, Z2, S1, S2",D LES 404
T1,C LES 304
"",
"Q1, Q2, T3, T4",C LES 304
M1,D1 LAB 413
"",
"L3, L1, L2",B1 LAB 204
"Q4, O4",B LES 103
"",
"O1, O2, O3, O4",C LES 402
"P6-7, P16",D LES 103
"",
"H1, H2, H3, H4",D LES 312
"H1, H2, H3, H4",D LES 312
P19-20,C RING 308
P21-22,C RING 308
"",
"H1, H2, H3, H4",D LES 312
"H1, H2, H3, H4",D LES 312
P19-20,C RING 308
P21-22,C RING 308
"",
"K1, K2, C1, C2",C LES 304
"K1, K2, C1, C2",C LES 304
P17-18,C LES 304
"",
"K1, K2, C1, C2",C LES 304
"K1, K2, C1, C2",C LES 304
P17-18,C LES 304
"",
"M1, M2, M3, M4",A RING 610
"M1, M2, M3, M4",A RING 610
P26,A RING 610
"",
"M1, M2, M3, M4",A RING 610
"M1, M2, M3, M4",A RING 610
P26,A RING 610
"",
"L3, L1, L2",D LES 101
P25-28,D3 LAB 330
P29-32,D3 LAB 330
"",
"L3, L1, L2",D LES 102
P25-28,D3 LAB 330
P29-32,D3 LAB 330
"",
"N1, N2, T1, T2",D1 LAB K10
"Q3, Q4",C LES 402
"N1, N2, T1, T2",D1 LAB K10
"Q3, Q4",D LAB BASEMENT K02
"",
"O1, O2, Q1, Q2, J1,
J2",D1 LAB K12
"O1, O2, Q1, Q2, J1,
J2",D1 LAB K12
"",
"K1, K2, C1, C2, J3, J4",D LES 204
"K1, K2",C LES 204
"C1, C2, J3, J4",D LES 204
"",
"I1, I2",D LES 307
P27-28,D LES 308
"",
"I1, I2",D LES 307
P27-28,D LES 308
"",
"Z3, Z4",C LES 307
"R3, R4",D3 LAB 332
"",
"O1, O2, O3, O4",D LES 103
P25-28,D LES 103
"",
"I1, I2, R1, R2",C LES 203
P25-28,D3 LAB 332
"",
"I1, I2, R1, R2",C LES 203
P25-28,D3 LAB 332
"",
"K1, K2, K3, K4",C LES 401
"P3-4, R3, R4",C1 LAB 215
P21-24,C1 LAB 215
P29-32,C1 LAB 215
"",
"",C1 LAB 215
P21-24,C1 LAB 215
P29-32,C1 LAB 215
"",
"Q1, Q2, G3, G4",C1 LAB 304
P13-20,C1 LAB 303
P13-20,C1 LAB 304
"",
"Q1, Q2, G3, G4",C1 LAB 304
P13-20,C1 LAB 303
P13-20,C1 LAB 304
"",
"o be arranged during
ly holiday","To be arranged during July
holiday"
"",
"o be arranged during
ly holiday","To be arranged during July
holiday"
"",
"Q1, Q2, G3, G4",C1 LAB 304
P13-20,C1 LAB 304
"",
"Z1, Z2, Z3, Z4",C1 LAB 215
"M3, P12-19",C1 LAB 215
"",
"o be arranged during
ly holiday","To be arranged during July
holiday"
"",
"o be arranged during
ly holiday","To be arranged during July
holiday"
"",
"Z1, Z2, Z3, Z4",C1 LAB 215
"M3, P12-19",C1 LAB 215
"",
"M1, M2, M3, M4",B1 LAB 204
"Q1, Q2, P6-7",B1  LAB 204
"",
"M1, M2, M3, M4",B1 LAB 204
P6-9,C LES 402
"",
"O1, O2, O3, O4",B2 LAB 12
P21-24,B2 LAB 12
"",
"O1, O2",B LES 100
"T1, T2",D LAB BASEMENT K03
"",
"N1, N2, S1, S2",A LES G01
"K1, K2, K3, K4",C LES 203
"",
"I1, I2, I3, I4",A LES G01
"",
"M1, M2",B LES 103
P12-15,D LAB BASEMENT K02
"",
"M1, M2",B LES 103
P12-15,D LAB BASEMENT K02
"",
"Q1, Q2",D LES 307
"Q1, Q2",D LES 307
"",
"Q1, Q2",D LES 307
"Q1, Q2",D LES 307
"",
N2,C LES 305
"N3, N4",D LES 407
N2,C LES 305
"N3, N4",D LES 407
N1,D LES 309
N1,D LES 309
"",
N2,D LES 405
"N3, N4",D LES 407
N2,D LES 405
"N3, N4",D LES 407
N1,D LES 405
N1,D LES 405
"",
"N2, N3, N4",B RING 712
N1,B RING 712
"",
"N2, N3, N4",B RING 712
N1,B RING 712
"",
"M1, M2, M3",C LES 307
P25-28,C LES 309
"",
"Q1, Q2, Q3, Q4",C LES 201
"",
"M3, M4",B2 LAB 119
P17-20,B2 LAB 119
"",
"H1, H2, H3, H4",A LES G01
"",
O1,C LES 301
O2,C LES 301
Z1,C LES 305
Z2,C LES 305
K1,C LES 306
M2,D LES 410
Q1,D LES 410
Q2,D LES 410
M3,C LES 306
M4,D1 LAB 416
T1,C LES 306
L2,C LES 306
R1,C LES 306
R2,C LES 306
"",
"H1, H2, H3, H4",A LES G01
O1,C LES 301
O2,C LES 301
Z1,C LES 305
Z2,C LES 305
K1,C LES 306
M2,D LES 410
Q1,D LES 410
D LES 410,
"",C LES 306
M4,D1 LAB 416
T1,C LES 306
L2,C LES 306
R1,C LES 306
R2,C LES 306
"",
"H1, H2, H3, H4",A LES G01
"H1, H2, H3, H4",A LES G01
"H1, H2, H3, H4",A LES G01
"",
O1,C LES 301
O2,C LES 301
Z1,C LES 305
Z2,C LES 305
K1,C LES 306
M2,D LES 410
Q1,D LES 410
Q2,D LES 410
M3,C LES 306
M4,D1 LAB 416
T1,C LES 306
L2,C LES 306
R1,C LES 306
R2,C LES 306
"",
"H1, H2, H3, H4",A LES G01
"H1, H2, H3, H4",A LES G01
"H1, H2, H3, H4",A LES G01
O1,C LES 301
O2,C LES 301
Z1,C LES 305
Z2,C LES 305
K1,C LES 306
M2,D LES 410
Q1,D LES 410
Q2,D LES 410
M3,C LES 306
M4,D1 LAB 416
T1,C LES 306
L2,C LES 306
R1,C LES 306
R2,C LES 306
"",
"Z1, Z2, Z4",D LES 101
"Z1, Z2, Z4",D LES 101
"Z1, Z2, Z4",D LES 101
"",
"Z1, Z2, Z4",E LES 200
"Z1, Z2, Z4",E LES 200
"Z1, Z2, Z4",E LES 200
"",
N3,C LES 301
N3,C LES 301
N3,C LES 305
"N1, N2",C LES 202
"N1, N2",C LES 302
"",
N3,C LES 301
N3,C LES 301
N3,C LES 305
"",
"N1, N2",C LES 301
"N1, N2",C LES 302
"",
"O2, O4",C LES 302
"O2, O4",C LES 302
"",
"O2, O4",C LES 302
"O2, O4",C LES 302
"",
"K1, K2",D LES 304
"K1, K2",D LES 304
"K1, K2",D LES 304
"",
"R1, R2",C LES 301
"R1, R2",C LES 301
"",
"R1, R2",C LES 301
"R1, R2",C LES 301
"",
"K1, K2",D LES 305
"K1, K2",D LES 305
"K1, K2",D LES 305
"K1, K2",D LES 305
"",
"S1, S2",D LES 301
"S1, S2",D LES 301
"",
"S1, S2",D LES 301
"S1, S2",D LES 301
"",
"K3, K4",D1 LAB K08
"H3, H4",C LES 102
Z2,C LES 201
S1,C LES 204
Q4,D LES 105
"",
"K3, K4",D1 LAB K08
"H3, H4",C LES 102
Z2,C LES 201
"",D LES 105
"",
"Z3, Z4",B LES 100
Z2,C LES 404
S1,C LES 404
Q4,D LES 202
"",
"Z3, Z4",E LES 100
Z2,C LES 404
S1,C LES 404
Q4,D LES 202
"",
"H1, H2",D LES 102
"H1, H2",D LES 102
"",
"I1, I2",D LAB BASEMENT K02
"",
"O1, O2, O3, G3",B1 LAB 204
P25-28,B1 LAB 204
"",
"O1, O2, O3, O4",B1 LAB 204
P25-28,B1 LAB 204
"",
"J1, J2",E LES 200
"",
"J1, J2",E LES 200
"",
L3,C LES 101
"S2, T3, T4",C LES 103
"K2, H1",C LES 307
"I2, K3",C LES 310
"G2, M3",D1 LAB K11
"L2, R1",D LES 311
"J3, J4",C LES 310
"",
L3,C LES 101
"S2, T3, T4",C LES 103
"K2, H1",C LES 307
"I2, K3",C LES 310
"G2, M3",D1 LAB K12
"L2, R1",D LES 311
"J3, J4",C LES 310
"",
"M1, M2",D1 LAB K09
P25-26,D LES 104
P1-2,C LES 203
"",
"M1, M2",D1 LAB K09
P25-26,D LES 104
P1-2,E RING 205
P1-2,E RING 206
"",
"K3, K4",C LES 204
P25-27,D1 LAB K09
"",
"K3, K4",C LES 204
P25-27,D1 LAB K09
"",
"K3, K4, G2",A LES G01
"M3, P12",E LES 201
"M3, P12",E LES 202
"M3, P12",E LES 203
"M3, P12",E RING 203
"M3, P12",E RING 204
"M3, P12",E RING 205
"M3, P12",E RING 206
P17-18,E LES 201
P17-18,E RING 204
P17-18,E RING 205
P17-18,E RING 207
P17-18,E RING 203
P17-18,E RING 206
P17-18,C RING 307
"",
"Q2, G3, Q4",B LES 101
Q2,D LES 105
G3,D LES 203
Q4,C LES 308
P29-30,E RING 203
P29-30,E RING 204
P29-30,E LES 201
P29-30,E LES 202
P29-30,E LES 203
P31-32,E RING 203
P31-32,E RING 204
P31-32,E LES 201
P31-32,E LES 202
P31-32,E LES 203
"S3, S4",E RING 203
"S3, S4",E RING 204
"S3, S4",E LES 201
"S3, S4",E LES 202
"S3, S4",E LES 203
"T3, T4",D1 LAB K11
"T3, T4",D1 LAB K10
"",
"Q2, G3, Q4",B LES 101
P29-30,E RING 203
P29-30,E RING 204
P29-30,E LES 201
P29-30,E LES 202
P29-30,E LES 203
P31-32,E RING 203
P31-32,E RING 204
P31-32,E LES 201
P31-32,E LES 202
P31-32,E LES 203
"S3, S4",E RING 203
"S3, S4",E RING 204
"S3, S4",E LES 201
"S3, S4",E LES 202
"S3, S4",E LES 203
"T3, T4",D1 LAB K09
"",
B LES 101,
"",D LES 105
G3,D LES 203
Q4,C LES 308
P29-30,E RING 203
P29-30,E RING 204
P29-30,E LES 201
P29-30,E LES 202
P29-30,E LES 203
P31-32,E RING 203
P31-32,E RING 204
P31-32,E LES 201
P31-32,E LES 202
P31-32,E LES 203
"S3, S4",E RING 203
"S3, S4",E RING 204
"S3, S4",E LES 201
"S3, S4",E LES 202
"S3, S4",E LES 203
"T3, T4",D1 LAB K09
"T3, T4",D1 LAB K10
"",
"Q2, G3, Q4",B LES 101
P29-30,E RING 203
P29-30,E RING 204
P29-30,E LES 201
P29-30,E LES 202
P29-30,E LES 203
P31-32,E RING 203
P31-32,E RING 204
P31-32,E LES 201
P31-32,E LES 202
P31-32,E LES 203
"S3, S4",E RING 203
"S3, S4",E RING 204
"S3, S4",E LES 201
"S3, S4",E LES 202
"S3, S4",E LES 203
"T3, T4",C LES 201
"",
"Q3, Q4",D LAB BASEMENT K02
H3,E LES 100
P14-16,E RING 203
P14-16,E RING 204
P14-16,E RING 205
P14-16,E RING 206
P14-16,E RING 207
P14-16,E LES 202
P6-8,E LES 201
H4,D LAB BASEMENT K01
"",
"Q3, Q4",D LES 101
H3,E LES 100
P14-16,E RING 203
P14-16,E RING 204
P14-16,E RING 205
P14-16,E RING 206
P14-16,E RING 207
P14-16,E LES 202
H4,D LAB BASEMENT K01
"",
"M1, M2, M4",C LES 102
P15-16,C LES 102
"",
"M1, M2, M4",C LES 102
P15-16,C LES 102
"",
"I1, I2, T1",D LES 305
P17-18,E LES 201
"",
"R1, R2",E LES 100
P19-20,E LES 201
P19-20,E RING 203
P19-20,E RING 204
P19-20,E RING 205
P19-20,E RING 206
P19-20,D1 LAB 108
"",
"R1, R2",D1 LAB K08
P19-20,E LES 201
P19-20,E RING 203
P19-20,E RING 204
P19-20,E RING 205
P19-20,E RING 206
P19-20,D1 LAB 108
"",
"L1, L2",C LES 101
P1-2,E LES 202
P1-2,D1 LAB 108
"",
"L1, L2",B LES 101
P1-2,E LES 202
P1-2,E LES 203
P1-2,C RING 307
P1-2,E LES 201
"",
"T3, T4",D LAB BASEMENT K02
P6-7,D1 LAB 108
P23-24,E LES 202
P23-24,E LES 203
"",
"T3, T4",D LAB BASEMENT K02
P6-7,D1 LAB 108
P23-24,E LES 202
P23-24,E LES 203
"",
"I3, I4",C LES 102
P3-4,E LES 201
P3-4,E LES 202
P3-4,E LES 203
"",
"K1, K2, Q4",D LES 312
"O1, O2",D LES 407
"",
"Q1, Q2",D LAB BASEMENT K03
"Q1, Q2",D LAB BASEMENT K03
"",
"Q3, Q4",D1 LAB K08
"",
"C1, C2",D LES 307
"",
"",
"N1, N2",D LES 106
"",
"N1, N2",C LES 202
"",
"L1, L2",D LES 310
"",
"L1, L2",D LES 310
"",
"L3, L4",C LES 102
"L3, L4",D LES 102
"",
P1-4,D1 LAB K11
P17-20,C LES 201
P29-32,B LES 103
"",
"Q3, Q4",C LES 101
P1-4,D1 LAB K11
"",
"H1, H2, O4",B LES 100
"O1, O2",D LES 308
"K1, K2",D LES 106
"T1, T2",C LES 403
"G1, N1",D LES 308
"N2, M1",B2 LAB 12
"T3, T4",C LES 404
"H3, H4",C LES 404
"",
"G2, I3, I4",B LES 101
"",
"G1, N3, N4",D1 LAB K10
"",
"I1, I2",C LES 102
"M3, M4",C LES 103
"M1, M2",D LES 101
"L1, L2",D LES 102
"Q3, Q4",B LES 100
"I1, I2",D LES 105
"M3, M4",D LES 103
"",
"Z3, Z4",D LES 102
"M1, M2",D LES 305
"L1, L2",C LES 102
"I1, I2",D LES 102
"Z1, Z2",C LES 102
"Z3, Z4",C LES 101
"Q3, Q4",E LES 100
"Q3, Q4",C LES 101
"",
"Q1, Q2, C1, C2",A LES G02
Z1,C LES 309
Z1,D1 LAB 410
Z1,D1 LAB 402
Z1,D1 LAB 403
Z2,C LES 310
Z2,D1 LAB 410
Z2,D1 LAB 414
Z2,D1 LAB 416
G1,D1 LAB 410
G1,D1 LAB 411
G1,D1 LAB 402
L1,D1 LAB 403
L1,D1 LAB 404
L1,D1 LAB 405
L1,D1 LAB 406
L2,D1 LAB 413
L2,D1 LAB 414
L2,D1 LAB 415
L2,D1 LAB 405
Q4,D1 LAB 415
Q4,D1 LAB 416
Q4,D1 LAB 408
Q4,D1 LAB 401
O4,D1 LAB 401
O4,D1 LAB 415
O4,D1 LAB 416
O4,D1 LAB 408
J4,D1 LAB 410
J4,D1 LAB 411
"",
"Z1, Z2, R1, R2",E LES 100
"",
"M1, M2, M3, M4",A LES G02
"M1, M2, J1, J2",E LES 100
"",
"I3, I4",C LES 202
"I3, I4",C LES 202
H1,D1 LAB 414
N2,D LES 408
M3,D LES 411
M4,C LES 307
S2,D1 LAB 404
H3,D1 LAB 416
"",
"I3, I4",C LES 202
"I3, I4",C LES 202
H1,D1 LAB 414
N2,D LES 408
M3,D LES 411
M4,C LES 307
S2,D1 LAB 404
H3,D1 LAB 416
"",
"I1, I2",C LES 204
"I1, I2",C LES 204
"",
"I1, I2",C LES 204
"I1, I2",C LES 204
"",
"",D LES 103
"T1, T2",D LES 103
"",
"T1, T2",C LES 404
"T1, T2",C LES 404
"",
"N1, N2",D1 LAB K09
"N1, N2",D1 LAB K09
"",
T1,C LES 401
"Z3, Z4",D LES 106
T1,C LES 401
"Z3, Z4",D LES 106
"",
"K1, K2",C LES 301
"K1, K2",C LES 301
"",
"M1, M2",D1 LAB K11
Z1,D1 LAB K11
"",
"M1, M2",C LES 203
Z1,C LES 202
"",
"H1, H2, Q3",D LES 202
"H1, H2, Q3",D LES 202
"",
"T1, T2, T3",B LES 104
"T1, T2, T3",D LES 103
"",
"I3, I4",D LAB BASEMENT K01
"",
"H1, H2, J1, J2",D LES 407
"",
"T1, T2",C LES 402
"M1, M2",C LES 204
"",
"L3, L4",E LES 200
"",
"N2, N3, N4",D LES 307
"N2, N3, N4",D LES 308
"N2, N3, N4",D LES 201
"G2, G3, G4",D LES 408
"G2, G3, G4",D LES 106
"G2, G3, G4",D LES 105
"",
"R3, R4, R1, R2",D LES 301
"",
Z1,D LAB BASEMENT K01
Z2,D LAB BASEMENT K01
"I1, L2",D1 LAB 407
"M1, T4",D LES 408
"M4, Q3",D1 LAB 415
"J2, Q4",D1 LAB 405
"J1, Z4",D1 LAB 402
"M2, R1",D1 LAB 406
"C1, O3",C LES 302
"N2, T3",D1 LAB 413
"K3, H4",D1 LAB 409
"M3, Z3",D1 LAB 416
"",
"R3, R4, R1, R2",D LES 301
Q2,D LES 305
T2,D LES 406
I3,D LES 406
"",
"Z1, Q3, Q4",B LES 104
Q1,D LES 403
T1,D LES 304
T3,D LES 304
T4,D LES 304
"",
"Z1, Z2, Z3, Z4",C LES 304
"Z1, Z2, Z3, Z4",C LES 304
"",
"K1, K2, T3, T4",E RING 207
"K1, K2, T3, T4",E RING 207
"",
"K1, K2",D LES 301
"K3, K4",D LES 305
"K1, K2",D LES 301
"K3, K4",D LES 305
"",
"K1, K2",D LES 301
"K3, K4",D LES 305
"K1, K2",D LES 301
"K3, K4",D LES 305
"",
"Q1, Q2",D LES 411
"Q1, Q2",D LES 411
"",
Q1,D LES 312
Q2,D LES 403
Q1,D LES 312
Q2,D LES 403
"",
"Q2, Q3, Q4",B RING 712
"Q2, Q3, Q4",B RING 712
"",
"Q2, Q3, Q4",B RING 712
"Q2, Q3, Q4",B RING 712
Q1,B RING 712
"",
"C1, C2",E LES 100
"",
"H3, H4",B LES 100
"",
"N1, N2",D1 LAB K08
"",
"M1, M2",D LAB BASEMENT K01
"",C LES 101
"",
"G1, G3, G4",A LES G01
"",
"R3, R4",E LES 200
"",
"R3, R4",E LES 100
"",
"R3, R4",C LES 307
"R3, R4",E RING 207
"R3, R4",C LES 308
"",
"MO 14, MO 15, MO
16, MO 17",D LES 102
"",
M4,B LES 101
"Q3, Q4",E LES 200
"",
"R1, R2",D LES 201
O3,D LES 102
O4,D LES 101
"Z3, Z4",D LAB BASEMENT K03
"",
"R1, R2",C LES 402
O3,D LES 102
O4,D LES 101
"Z3, Z4",C LES 401
"",
G1,D2 LAB 115
T2,D1 LAB K12
"H3, H4",D3 LAB 330
"N1, N2",D2 LAB 115
"N1, N2",D2 LAB 116
"",
G1,D2 LAB 115
T2,B LES 101
"H3, H4",D3 LAB 330
"N1, N2",D2 LAB 115
"",
"O1, O2, M1, M2",D LES 106
"Q3, Q4",C LES 204
"",
"O1, O2, M1, M2",D LES 106
"Q3, Q4",C LES 204
"",
"M1, M2, M3, M4",D LES 202
O1,B LES 103
Z1,B LES 103
K1,B LES 103
Z2,D LES 306
N1,D LES 311
T1,D LES 407
Q1,B LES 103
T2,D LES 312
"",
"M1, M2, M3, M4",D LES 202
O1,C LES 302
Z1,B LES 103
K1,B LES 103
Z2,D LES 306
N1,D LES 311
T1,D LES 407
Q1,B LES 103
T2,D LES 312
"",
"M1, M2, M3, M4",D LES 202
O1,B LES 103
Z1,B LES 103
K1,B LES 103
Z2,D LES 306
N1,D LES 311
T1,D LES 407
Q1,B LES 103
T2,D LES 312
"",
"M1, M2, M3, M4",D LES 202
O1,C LES 302
Z1,B LES 103
K1,B LES 103
Z2,D LES 306
N1,D LES 311
T1,D LES 407
Q1,B LES 103
T2,D LES 312
"",
"T1, T2, T3, T4",C LES 307
"T1, T2, T3, T4",C LES 307
"",
"O1, O2, O3, O4",D LES 202
P27-28,D LES 202
"",
"O1, O2, O3, O4",D LES 202
P27-28,D LES 203
"",
"R3, R4, G2",D LAB BASEMENT K01
"O1, O2",C LES 204
"Q1, Q2",D1 LAB K09
"Q1, Q2",D1 LAB K11
"T1, T2",D LES 202
"",
"R3, R4, G2",D LAB BASEMENT K01
"O1, O2",B LES 103
"Q1, Q2",D1 LAB K09
"Q1, Q2",C LES 307
"T1, T2",C LES 202
"",D LAB BASEMENT K02
"N1, N2, N3, N4",D LAB BASEMENT K02
"",
"G3, G4",E LES 203
"M3, M4",D1 LAB 108
"",
"G3, G4",E LES 203
"M3, M4",D1 LAB 108
"",
"L1, L2",C LES 309
"",
"N1, N2, Q3",D LES 106
P13-15,B1 LAB 204
"",
O1,C LES 201
"Q4, O4",E LES 201
"Q4, O4",E LES 202
"Q4, O4",E LES 203
O2,D LES 406
O2,D LES 301
O2,D LES 304
O2,D LES 305
O2,D LES 306
O2,D LES 411
O2,D1 LAB 414
"",
"M1, M2",D LES 102
"J3, J4",D LAB BASEMENT K01
"M1, M2",D LES 102
"",
I2,D LES 408
M4,C LES 309
H3,D LES 410
"",
"M1, M2, J3, J4",D LAB BASEMENT K01
"",
I2,D LES 408
M4,C LES 309
H3,D LES 410
"",
"H1, H2, Q1, Q2",D1 LAB K10
"H1, H2, Q1, Q2",D1 LAB K10
L1,D LES 410
L2,D LES 410
Z3,D1 LAB 412
"",
"H1, H2, Q1, Q2",D1 LAB K10
"H1, H2, Q1, Q2",D1 LAB K10
L1,D LES 410
L2,D LES 410
Z3,D1 LAB 412
"",
"T1, T2, R1, R2",C LES 103
"T1, T2, R1, R2",C LES 103
P6-7,D LAB BASEMENT K01
"S1, S2",D LES 308
"H3, H4",D LES 310
"",
"T1, T2, R1, R2",C LES 103
"T1, T2, R1, R2",C LES 103
P6-7,D LAB BASEMENT K01
"S1, S2",D LES 308
"H3, H4",D LES 310
"",
"Q1, Q2, G3",D1 LAB K08
"Q1, Q2, G3",D1 LAB K08
"Q1, Q2, G3",D1 LAB K08
M3,D LES 310
M3,D LES 311
M3,D LES 312
M3,C LES 301
M3,C LES 309
T1,D LES 311
T1,D LES 312
T1,D1 LAB 414
T1,D1 LAB 415
"",
"Q1, Q2, G3",D1 LAB K08
"Q1, Q2, G3",D1 LAB K08
"Q1, Q2, G3",D1 LAB K08
"",
M3,D LES 310
M3,D LES 311
M3,D LES 312
M3,C LES 307
M3,C LES 309
T1,D LES 311
T1,D LES 312
T1,D1 LAB 414
T1,D1 LAB 415
"",
"K3, K4",C LES 101
"K3, K4",C LES 101
"K3, K4",C LES 101
"",
O2,D1 LAB 408
T1,D LES 104
R2,D1 LAB 409
T3,C LES 203
"",
"K3, K4",C LES 101
"K3, K4",C LES 101
"K3, K4",C LES 101
"",
O2,D1 LAB 408
T1,D LES 104
R2,D1 LAB 409
T3,C LES 203
"",
"H1, H2",C LES 202
R1,C LES 101
"",
"Q3, Q4",D LES 102
"Q3, Q4",D LES 102
"Q3, Q4",D LES 102
O4,D LES 102
"",D LES 201
"Q3, Q4",D LES 201
"Q3, Q4",D LES 201
O4,D LES 201
"",
"R1, R2",D LES 105
T4,D LES 203
"",
S1,D LES 102
S2,D LES 102
P26,E LES 203
P6,E LES 203
P27,E LES 203
P19,E LES 203
P7,E LES 203
T3,C LES 302
H3,D LES 406
Z1,D1 LAB 414
J1,D LES 408
M1,D1 LAB 414
J2,D LES 404
J1,D LES 404
R1,D1 LAB 402
I1,C LES 302
R1,D1 LAB 403
H3,D LES 405
J2,D LES 408
T4,D LES 404
J1,D LES 410
M2,C LES 403
H3,D LES 411
Z2,D1 LAB 401
T3,C LES 310
R1,D1 LAB 401
T3,C LES 403
"",
"O1, O2",E LES 100
"L1, L2",C LES 101
"",
"N1, N2, N3, N4",C LES 401
"N1, N2, N3, N4",C LES 102
"N1, N2, N3, N4",C LES 103
"I1, I2",D LES 106
"I1, I2",D LES 104
"K3, K4",C LES 203
"K3, K4",D1 LAB 408
"I1, I2",D1 LAB 408
"J1, J2",C LES 103
"",
"M1, M2, M3, M4",C LES 202
"M1, M2, M3, M4",D LES 201
"O1, O2, O3, O4",D LES 201
"O1, O2",D1 LAB K08
"O3, O4",C LES 201
"Z1, Z2, Z3, Z4",C LES 401
"Z1, Z2, Z3, Z4",C LES 302
"S1, S2",B LES 103
"S1, S2",D LES 105
"S1, S2",C LES 402
"S1, S2",C LES 401
"S1, S2",C LES 202
"S1, S2",D LES 106
"",
"M1, M2, M3, M4",C LES 202
"O1, O2, O3, O4",D LES 203
"Z1, Z2, Z3, Z4",D LES 202
"Z1, Z2, Z3, Z4",D LES 203
"",
"S1, S2",B LES 103
"S1, S2",D LES 105
"S1, S2",D LES 106
"S1, S2",D1 LAB 408
"",
"H1, H2, H3, H4",D LES 201
"G1, G2, G3, G4",D LES 103
"T1, T2",B LES 103
"T3, T4",D1 LAB 408
"L1, L2",C LES 401
"L1, L2",B LES 104
"L1, L2",D LES 104
"",
"N1, N2, N3, N4",C LES 401
"H1, H2",D LES 201
"N3, N4",D LES 102
"N1, N2, N3, N4",D LES 101
"",
"I1, I2",D LES 203
"I1, I2",D LES 105
"I1, I2",C LES 401
"K3, K4",D1 LAB 408
"K3, K4",D LES 307
"",
"N1, N2, N3, N4",C LES 204
"I1, I2",D LES 203
"K3, K4",D1 LAB 416
"",
"O1, O2, O3, O4",D LES 408
"S1, S2",D1 LAB 414
"",
"Q1, Q2, Q3, Q4",D LES 308
"I3, I4",D LES 203
"",
"N1, N2, N3, N4",C LES 204
"I1, I2",D1 LAB 409
"K3, K4",D1 LAB 416
"",
"L2, L3",C LES 103
"L2, L3",C LES 309
J1,C LES 102
J1,C LES 308
"",C LES 103
"L1, L4",C LES 309
J2,C LES 102
J2,D LES 309
"",
"R2, T3",D LES 310
"R2, T3",D LES 312
"T1, T4",C LES 301
"T1, T4",C LES 302
"",
"L2, L3",C LES 401
"L2, L3",C LES 310
J1,C LES 102
J1,C LES 308
"",
"L1, L4",C LES 401
"L1, L4",D LES 106
J2,C LES 102
J2,D LES 309
"",
"R2, T3",D LES 310
"R2, T3",D LES 312
"T1, T4",C LES 301
"T1, T4",C LES 302
"",
"Q2, Q3",D LES 104
J1,C LES 202
"",
"Q1, Q4",D LES 104
J2,C LES 202
"",
"Q2, Q3",D LES 104
J1,C LES 202
"",
"Q1, Q4",D LES 104
J2,C LES 202
"",
"K1, K2, K3, K4",D LES 101
"T3, T4",D LES 202
"T3, T4",C LES 201
"",
"K1, K2, K3, K4",D LES 101
"T3, T4",B LES 103
"T3, T4",D LAB BASEMENT K01
"",
"Z1, Z2, Z3, Z4",D LES 202
"Z1, Z2, Z3, Z4",D LES 203
"I3, I4",D LES 204
"I3, I4",C LES 203
"",
"Z1, Z2, Z3, Z4",D LES 307
"Z1, Z2, Z3, Z4",D LES 204
"I3, I4",D LES 204
"I3, I4",C LES 203
"",
"M1, M2, J1, J2",D LES 204
"T3, T4",D LES 201
"",
"M1, M2, J1, J2",D LES 204
"T3, T4",D LES 201
"",
R1,C LES 102
P16-19,C LES 204
"",
Q2,C LES 204
Q2,C LES 204
"",
I1,D LES 201
I1,D LES 201
"",
N2,D LES 304
N2,D LES 304
"",
S2,D LES 311
S2,D LES 311
"",
"G1, N1",D LES 304
"G1, N1",D LES 304
"",
H2,C LES 307
H2,C LES 307
"",
H1,D LES 106
H1,D LES 106
"",
K1,D LES 309
K1,D LES 309
"",
Z3,D LES 105
Z3,D LES 105
"",
Z4,D LES 105
Z4,D LES 105
"",
I1,D LES 304
I1,D LES 304
"",
M3,D LES 106
M3,D LES 106
"",
"H3, H4",C LES 301
"H3, H4",C LES 301
"",
"H3, H4",B LES 103
"H3, H4",B LES 103
"",
"H3, H4",B LES 104
"H3, H4",B LES 104
"",
"M2, Q1",C LES 305
"M2, Q1",C LES 305
"",
"N1, N2",D LES 203
"N1, N2",D LES 203
"",
"H3, H4",C LES 302
"",
I2,D LES 306
I2,D LES 305
"",
M4,D LES 102
M4,D LES 102
"",
O4,C LES 101
O4,C LES 101
"",
R3,D LES 304
R3,D LES 304
"",
"K3, K4",D1 LAB K09
"K3, K4",D1 LAB K09
"",
"K3, K4",D1 LAB K10
"K3, K4",D1 LAB K10
"",
"K3, K4",E LES 203
"K3, K4",E LES 203
"",
"Q1, Q2",D LES 309
"",
"Z1, Z2",D LES 311
"",
"T1, T2",D LES 410
"",
"N1, N2",D LES 411
"",
"R1, R2",D LES 307
"",
"Z1, Z2",D LES 309
"",
"Q1, Q2",D LES 203
"",
"T1, T2",D LES 411
"",
"N1, N2",D1 LAB K11
"",
"M3, M4",C LES 310
"",
"S1, S2",D LES 310
"",
"Z1, Z2",D LES 310
"",
"R1, R2",D LES 403
"",
"R1, R2",B LES 103
"",
"R1, R2",D LES 203
"",
"T1, T2",D LES 310
"",
"Q1, Q2",D LES 310
"",
"R1, R2",D LES 306
"",
"I1, I2",D LAB BASEMENT K02
"",
"M1, M2",D LES 308
"",
"M1, M2",C LES 309
"",
"N1, N2",C LES 101
"L1, L2",C LES 202
P29-32,D2 LAB 115
"",
"N1, N2",C LES 101
"L1, L2",C LES 101
P29-32,D2 LAB 115
"",
"N1, N2",To Be Arranged
"L1, L2",D1 LAB K11
P29-32,D2 LAB 115
P29-32,D2 LAB 116
"",
"",
"Z1, Z2, Z3, Z4",E LES 100
P25-28,B2 LAB 119
"",
"G3, G4",C LES 301
"G3, G4",C LES 301
"",
"G3, G4",C LES 301
"G3, G4",C LES 301
"",
"R3, R4",D LES 403
"R1, R2",D LES 415
"",
"R3, R4",D LES 403
"R1, R2",D LES 415
"",D LES 306
"R1, R2",D LES 404
"",
"R3, R4",D LES 305
"R1, R2",D LES 404
"",
"Q1, Q2",D LES 408
"Q1, Q2",D LES 408
O4,D1 LAB 402
"",
"Q1, Q2",D LES 408
"Q1, Q2",D LES 408
O4,D1 LAB 402
"",
"K3, K4, L3, L4",D LAB BASEMENT K02
O1,D1 LAB 405
K1,D1 LAB 412
N2,D LES 309
T2,D1 LAB 411
"",
"K3, K4, L3, L4",A LES G01
O1,D1 LAB 405
K1,D1 LAB 412
N2,D LES 309
T2,D1 LAB 411
Q4,D1 LAB 415
J3,D1 LAB 402
"",
"L1, L2",D LES 306
Z2,D1 LAB 415
"",
"O1, O2, O3, O4",B LES 104
P25-28,C LES 401
"",
"K1, K2, M3, M4",D LES 404
I2,D LES 304
"",
"K3, K4, H3, H4",D LES 407
I1,C LES 310
"",
"O1, O2, O3, O4",D LES 103
P25-28,D LES 103
"",
"M3, M4, G3",C LES 101
"M3, M4, G3",C LES 101
"M3, M4, G3",C LES 101
"",
"K1, K2, R1, R2",D LES 102
"K1, K2, R1, R2",D LES 102
"",
"K1, K2, R1, R2",D LES 102
"K1, K2, R1, R2",D LES 102
"",
"J1, J2",D LES 102
"J1, J2",D LES 102
P27-28,D LES 201
"",
"J1, J2",D LES 102
"J1, J2",D LES 102
P27-28,D LES 201
"",
"I1, I2, L1, L2",C LES 307
"I1, I2, L1, L2",C LES 307
"",
"I1, I2, L1, L2",C LES 307
"I1, I2, L1, L2",C LES 307
"",
"J3, J4",C LES 202
"J3, J4",C LES 202
"",
"M4, T1","APB CHANGE ROOMS
PASSAGE"
"M4, T1","APB CHANGE ROOMS
PASSAGE"
"",
"Q1, Q2, G3, G4",D LES 202
"G1, G2, C3, C4",C LES 202
"",
"H1, H2, J3, J4",C LES 203
"K1, K2, S1, S2",B LES 104
"",
"O1, O2, Q3, Q4",D LES 204
"M1, M2",D LES 304
"T1, T2",D LES 203
"",
"G1, G2, G3, G4, R1,
R2",D LES 101
G1,B LES 101
G2,E LES 100
"G3, G4",A LES G02
"Q1, Q2",C LES 101
"",
"",C1 LAB 227
"",
"J1, J2, C1, C2",D LAB BASEMENT K03
"R1, R2, T3, T4",D LES 103
"R1, R2, T3, T4",C LES 204
"R1, R2, T3, T4",D LES 106
"",
"O1, O2, O3, O4",D LES 203
"Z1, Z2, Z3, Z4",D LES 104
"M1, M2, M3, M4",C LES 203
P1-3,C1 LAB 227
P6-8,C1 LAB 227
"K1, K2, H1, H2, J1, J2",D LES 203
"I1, I2, K3, K4, J1, J2",D LES 202
"",
"M1, M2",B LES 104
"M3, M4",D LES 103
"Z1, Z2, Z3, Z4",D LES 104
P1-3,C1 LAB 227
P6-8,C1 LAB 227
"K1, K2, H1, H2",D LES 310
"K1, K2, H1, H2",D LES 311
"",
"G1, G2",D LES 202
"G3, G4",D1 LAB K10
"N1, N2, M1, M2",C1 LAB 227
"O1, O2, Z1, Z2",C1 LAB 227
"N1, N2, M1, M2",C LES 301
"O1, O2, Z1, Z2",C LES 307
"",
"G1, G2",C LES 101
"G3, G4",E LES 100
"G1, G2, G3, G4",C LES 402
"",
P16-20,C1 LAB 227
"L2, P21-24",C1 LAB 227
"",
"J1, J2, C1, C2",C LES 402
"R1, R2, T3, T4",D LES 106
"",
"M1, M2, M3, M4",C LES 204
P1-2,C1 LAB 221
P3-4,C1 LAB 221
"T1, T2",D LES 307
"",
"M1, M2",D LES 102
"M3, M4",C LES 201
P1-2,C1 LAB 221
P3-4,C1 LAB 221
"T1, T2",B LES 104
"",
"Z3, Z4",C1 LAB 120
"",
"K1, K2, M1, M2, M3,
M4",C1 LAB 120
To Be Arranged,C1 LAB 221
"",
"K1, K2, M1, M2, M3,
M4",C1 LAB 120
To Be Arranged,C1 LAB 221
"",
"M1, M2, M3, M4, Q3,
Q4",D LES 306
P29-32,C1 LAB 227
"J3, J4, C3, C4",D LES 304
"",
"G1, L3, L4, G2, L1, L2",D LES 201
P29-32,C1 LAB 227
"J3, J4, C3, C4",D1 LAB K09
"",
"Z1, Z2, Z3, Z4",D LES 312
P1-3,C1 LAB 227
P6-8,C1 LAB 227
"K1, K2, H1",To Be Arranged
"I1, I2, K3",To Be Arranged
"",
"G1, G2, G3, G4",C LES 203
"N1, N2, M1, M2",C LES 308
"O1, O2, Z1, Z2",C LES 308
"N1, N2, M1, M2",C LES 308
"O1, O2, Z1, Z2",C LES 308
"",
"M1, M2, M3, M4, Q3,
Q4",D LES 306
P29-32,C1 LAB 227
"J3, J4, C3, C4",D LES 304
"",
"G1, G2, R1, R2, G3,
G4",B LES 104
P12-15,C1 LAB 227
"C1, C2",D LES 103
"",
"G1, G2, R1, R2, G3,
G4",D LAB BASEMENT K02
P12-15,C1 LAB 227
"C1, C2",C LES 101
"",
"M3, M4, H4",C LES 201
P1-4,D3 LAB 240
P17-20,D3 LAB 240
"",
"M3, M4",C LES 204
H4,C LES 202
P1-4,D3 LAB 240
P13-16,D3 LAB 240
"",
"",D3 LAB 240
"",
"O2, T3, T4",D2 LAB 122
P25-28,D3 LAB 240
"",
"Z1, Z2",D LES 102
"I3, I4",D1 LAB K10
"L1, L2",D1 LAB K10
"H1, H2",C LES 102
"Q1, Q2",D1 LAB K11
N1,D LAB BASEMENT K01
G1,D LES 103
G2,D LES 201
O4,D LES 204
Q4,B LES 102
R 3,C LES 202
S1,D LES 201
"",
"O1, O2, O3, O4",D LAB BASEMENT K03
"O1, O2, O3, O4",D LAB BASEMENT K03
"",
"O1, O2, O3, O4",D LAB BASEMENT K03
"O1, O2, O3, O4",D LAB BASEMENT K03
"",
"T1, T2",B LES 101
"T1, T2",B LES 101
"",
"T1, T2",D LAB BASEMENT K01
"T1, T2",D LAB BASEMENT K01
"",
"K3, K4",D LES 103
"K3, K4",D LES 103
"",
"Q3, Q4",C LES 103
"Q3, Q4",C LES 103
"Z3, Z4",C LES 103
"",
"Q3, Q4",C LES 103
"Q3, Q4",C LES 103
"Z3, Z4",C LES 103
"",
"R1, R2",C LES 201
"R1, R2",C LES 201
"",
"Q1, Q2, Q3, Q4",B2 LAB 117
P17-20,B2 LAB 119
"",
"L1, L2, Z3, Z4",B2 LAB 119
P21-24,B2 LAB 119
"",
"L1, L2, Q3, Q4",B3 LAB 11
P21-24,B3 LAB 11
"",
"G3, G4",D LAB BASEMENT K03
"",
"R3, R4",A LES G02
"",
"K3, K4",B LES 101
"",
"K1, K2, L3, L4",C LES 201
"",
"R1, R2",B2 LAB 117
"",
"Z1, Z2, Z3, Z4",B2 LAB 117
"Z1, Z2, G3, G4",B2 LAB 117
P17-20,B2 LAB 117
"",
N1,D LES 201
N3,C LES 201
P13-14,C LES 201
"",
"M1, M2, M3, M4",D LES 104
P17-19,D1 LAB K09
"",
"K1, K2, K3, K4",D LES 105
"K1, K2, K3, K4",D LES 105
"",
"T1, T2",C LES 309
"",C LES 309
"T3, T4",C LES 308
"",
"Q3, Q4",D LAB BASEMENT K03
"O1, O2",E LES 100
"Q1, Q2",E LES 100
"Q1, Q2",E LES 100
"Q1, Q2",E LES 100
"",
"Q3, Q4",E LES 200
"O1, O2",B LES 101
"Q1, Q2",D LAB BASEMENT K03
"Q1, Q2",D LAB BASEMENT K03
"Q1, Q2",D LAB BASEMENT K03
"",
"N3, N4, G4",A LES G02
"N3, N4, G4",A LES G02
"N3, N4, G4",A LES G02
"",
"K1, K2, Q2",B LES 100
"K1, K2, Q2",B LES 100
"K1, K2, Q2",B LES 100
"",
"K1, K2",A LES G01
"K1, K2",A LES G01
"K1, K2",A LES G01
"",
"G2, M3, M4",D LAB BASEMENT K03
"G2, M3, M4",D LAB BASEMENT K03
"G2, M3, M4",D LAB BASEMENT K03
"",
"G1, Z3, Z4",D LAB BASEMENT K03
"G1, Z3, Z4",D LAB BASEMENT K03
"G1, Z3, Z4",D LAB BASEMENT K03
"",
"N2, R1, R2",D LES 311
"N2, R1, R2",D LES 311
"N2, R1, R2",D LES 311
"",
"R1, R2, Q3",D LAB BASEMENT K03
"R1, R2, Q3",D LAB BASEMENT K03
"R1, R2, Q3",D LAB BASEMENT K03
"",
"G1, Q3, Q4",C LES 102
"G1, Q3, Q4",C LES 102
"G1, Q3, Q4",C LES 102
"",
"M1, M2",D LAB BASEMENT K03
"M3, M4",D LES 105
"",
"Z1, Z2",D1 LAB K09
P15-16,C LES 101
P17-18,D1 LAB K10
"",
T1,D LES 408
T1,D LES 405
T2,C LES 401
T2,D LES 101
R1,D1 LAB 408
R1,D1 LAB 413
R2,D1 LAB 401
R2,D1 LAB 402
T3,C LES 301
T3,C LES 309
T4,C LES 305
T4,C LES 306
"",
"M1, M2",D LAB BASEMENT K03
"M3, M4",D1 LAB K09
"",
"Z1, Z2",D1 LAB K09
P15-16,C LES 101
P17-18,D1 LAB K10
"",
T1,D LES 408
T1,D LES 405
T2,C LES 401
T2,D LES 101
R1,D1 LAB K09
R1,D1 LAB K11
R2,D1 LAB 401
R2,D1 LAB 402
T3,D LES 305
T3,D LES 307
T4,C LES 305
T4,C LES 306
"",
"",
"N1, N2",B LES 100
"P6, P7",E LES 200
"",
"N1, N2",B LES 100
"",
"M1, M2",E LES 100
"Z3, Z4",D LAB BASEMENT K01
"S3, S4",C LES 103
"",
"K1, K2",D1 LAB K08
"",
J1,E LES 200
"",
"M1, M2",D LES 101
"M3, P12",C LES 401
"S3, S4",C LES 103
"",
"N1, N2",D1 LAB K12
P12,B LES 103
"",
"N1, N2",D1 LAB K12
P12,B LES 103
"",
"Z3, Z4",D LES 311
P31,C LES 309
"",
"Z3, Z4",D LES 311
P31,C LES 309
"",
"N1, N2, H4",D LES 301
H3,D LES 301
"",
"N1, N2, S1, S2",D LES 407
T1,D LES 406
"",
"O1, O2, M1, M2",D LES 404
K3,C LES 301
"",
"Z1, Z2",D LES 405
"T1, T2",C LES 305
K2,D1 LAB 410
"",
"Q1, Q2, T2",D LES 407
R2,D1 LAB 404
"",
"N1, N2, N3",D LES 310
"N1, N2, N3",D LES 310
"",
"N1, N2, N3",D LES 310
"N1, N2, N3",D LES 310
"",
"H3, H4",C LES 305
"H3, H4",C LES 305
"",
"H3, H4",C LES 305
"H3, H4",C LES 305
"",
"O1, O2",A RING 610
"O1, O2",A RING 610
"",
"C1, C2",D LES 311
"",
"M1, M2",C LES 402
"M1, M2",C LES 402
"",
"R1, R2",D LES 104
"R1, R2",D LES 104
"",
"J1, J2",E LES 202
"M1, M2",E LES 203
"K1, K2",C RING 305
"",
"J1, J2",E LES 202
"M1, M2",E LES 203
"K1, K2",C RING 303
"",
"R1, R2",E LES 201
"R1, R2",E LES 202
"",
"R1, R2",E LES 201
"R1, R2",E LES 202
"",
"M1, M2",D LES 307
"M1, M2",D LES 307
"",
"Q1, Q2, Q3",C LES 402
P25-28,C LES 401
"",
"M4, T3, T4",D LAB BASEMENT K01
P25-28,D1 LAB K11
"",
"I3, I4",D LES 102
P3-4,E LES 201
P3-4,E LES 202
P3-4,E LES 203
"",
"",D LES 306
"S1, S2",D LES 306
"",
N2,D LES 404
"",
"S1, S2",D LES 306
"S1, S2",D LES 306
"",
N2,D LES 404
"",
"Q3, Q4",D LES 301
"Q3, Q4",D LES 301
"",
"Q3, Q4",D LES 301
"Q3, Q4",D LES 301
"",
"M1, M2",C LES 302
"M1, M2",C LES 302
"",
"M1, M2",C LES 302
"M1, M2",C LES 302
"",
"Z3, Z4",B LES 103
P1-2,B2 LAB 219
"",
"S1, S2",B2 LAB 12
P1-2,B2 LAB 219
"",
"K3, K4, G2, M3",D LES 203
P25-28,B2 LAB 117
"",
"T1, T2",D LES 105
"M1, M2",D1 LAB 108
"",
"C1, C2",B LES 104
"",
"K2, H1, H2",C LES 201
"",
"K2, H1, H2",C LES 402
"",
"I2, K3, K4",D LES 201
"I2, K3, K4",D LES 201
"",
"N1, N2, M1, K2, H1,
H2",C LES 201
"N1, N2, M1, K2, H1,
H2",C LES 201
"",
"N1, N2, M1, K2, H1,
H2",C LES 201
"N1, N2, M1, K2, H1,
H2",C LES 201
"",
"N2, M1, M2",D LES 105
"N2, M1, M2",D LES 105
"N2, M1, M2",D LES 105
"N2, M1, M2",D LES 105
"",
"R1, R2, T3",C LES 202
"R1, R2, T3",C LES 202
"R1, R2, T3",C LES 202
"R1, R2, T3",C LES 202
"",
P6-8,D1 LAB 412
P6-8,D1 LAB 413
P6-8,D1 LAB 414
P17-19,D1 LAB 412
P17-19,D1 LAB 413
P17-19,D1 LAB 414
P6-8,D1 LAB 415
P17-19,D1 LAB 415
"",
"G1, N1, N2",D1 LAB 403
"M1, M2, Q1",D1 LAB 403
"M1, M2, Q1",D1 LAB 404
"G1, N1, N2",D1 LAB 404
"G1, N1, N2",D1 LAB 405
"M1, M2, Q1",D1 LAB 405
"",
P13-14,D1 LAB 412
P13-14,D1 LAB 413
P15-16,D1 LAB 412
P15-16,D1 LAB 413
P17-18,D1 LAB 410
"",
P26-28,D1 LAB 404
"Q2, P6-7",D1 LAB 403
"Q2, I1, I2",D1 LAB 404
P26-28,D1 LAB 405
"",
"G1, T1, T2",A LES G02
"G2, R1, R2",A LES G02
S1,C LES 301
S1,C LES 302
S1,C LES 305
C1,C LES 301
J2,C LES 301
C1,C LES 306
S1,C LES 306
M3,C LES 305
M4,C LES 305
M4,C LES 306
M4,C LES 403
M4,D1 LAB 401
L1,D1 LAB 402
L2,D1 LAB 402
H4,D1 LAB 414
I3,D1 LAB 414
I4,D1 LAB 414
L2,D1 LAB 403
"",D1 LAB 413
I4,D1 LAB 410
I4,D1 LAB 411
H4,D1 LAB 406
Q3,D1 LAB 405
Q3,C LES 305
Q3,C LES 306
Q3,C LES 308
Q4,D1 LAB 404
O4,C LES 306
O4,C LES 307
"",
"G1, T1, T2",A LES G02
G2,D1 LAB K08
"R1, R2",D LES 101
S1,C LES 301
S1,C LES 302
S1,C LES 305
C1,C LES 301
J2,C LES 301
C1,C LES 306
S1,C LES 306
M3,C LES 305
M4,C LES 305
M4,C LES 306
M4,C LES 403
M4,D1 LAB 401
L1,D1 LAB 402
L2,D1 LAB 402
H4,D1 LAB 414
I3,D1 LAB 414
I4,D1 LAB 414
L2,D1 LAB 403
L2,D1 LAB 404
I4,D1 LAB 413
I4,D1 LAB 410
I4,D1 LAB 411
H4,D1 LAB 406
Q3,D1 LAB 405
Q3,C LES 305
Q3,C LES 306
Q3,C LES 308
Q4,D1 LAB 404
O4,C LES 306
O4,C LES 307
"",
"I1, I2, T1",D LES 101
"T3, T4, Q4",A LES G02
N1,D1 LAB 410
N1,D1 LAB 411
N1,D1 LAB 412
M1,C LES 403
M2,C LES 310
Q1,D1 LAB 402
Q1,D1 LAB 408
Q1,D1 LAB 410
Q1,D1 LAB 411
K3,C LES 307
L2,D1 LAB 408
L2,D1 LAB 409
R1,D1 LAB 404
R1,D1 LAB 409
R1,D1 LAB 412
H4,D1 LAB 415
H4,D1 LAB 416
I3,D1 LAB 409
I4,D1 LAB 409
I4,D1 LAB 407
M2,D1 LAB 416
Q1,D1 LAB 416
R1,C LES 304
H4,C LES 304
"",
"I1, I2, T1",D LES 101
"T3, T4, Q4",A LES G02
N1,D1 LAB 410
N1,D1 LAB 411
N1,D1 LAB 412
M1,C LES 403
M2,C LES 310
Q1,D1 LAB 402
Q1,D1 LAB 408
Q1,D1 LAB 410
Q1,D1 LAB 411
K3,C LES 307
L2,D1 LAB 408
L2,D1 LAB 409
R1,D1 LAB 404
R1,D1 LAB 409
R1,D1 LAB 412
H4,D1 LAB 415
H4,D1 LAB 416
I3,D1 LAB 409
I4,D1 LAB 409
I4,D1 LAB 407
M2,D1 LAB 416
Q1,D1 LAB 416
R1,C LES 304
H4,C LES 304
"",
"O1, O2, S1, S2",D LES 101
"O1, O2, S1, S2",D LES 101
"O1, O2, S1, S2",D LES 101
O4,E LES 100
Z1,D1 LAB 413
Z2,D1 LAB 413
K1,C LES 305
K2,C LES 305
H2,C LES 305
H1,C LES 302
"",
"",D LES 101
"O1, O2, S1, S2",D LES 101
O4,E LES 100
Z1,D1 LAB 413
Z2,D1 LAB 413
K1,C LES 305
K2,C LES 305
H2,C LES 305
H1,C LES 302
"",
"I1, I2, S4",D LES 204
"I1, I2, S4",D LES 204
"I1, I2, S4",D LES 204
"",
"Q1, Q2",D LES 204
"",
"J1, Q3",D1 LAB K11
P27-28,D1 LAB 108
"I1, I2",D LES 103
"",
"I1, O4",D LES 310
P23-24,E LES 201
"T1, T2",C LES 310
"",
"K1, M2",C LES 201
M4,D LES 106
"L1, L2",E LES 201
"L1, L2",E LES 202
"T1, T2",D1 LAB 403
"T1, T2",D LES 309
"T1, T2",D1 LAB 401
"I3, I4",D LES 312
"",
"K1, M2, M4",D LES 201
"L1, L2",E LES 201
"L1, L2",E LES 202
"T1, T2",D1 LAB 403
"T1, T2",D1 LAB 408
"I3, I4",D LES 312
"",
"O1, O2, O3, O4",D LES 104
P21-22,E RING 203
P21-22,E RING 204
P1-2,E RING 203
P1-2,E RING 204
"H1, H2",D LES 204
"",
"O1, O2, O3, O4",D LES 104
P21-22,E RING 203
P21-22,E RING 204
P1-2,E RING 203
P1-2,E RING 204
"H1, H2",D LES 204
"",
"Z1, Z2, Z3, Z4",D LES 301
P23-24,E RING 203
"",
"Z1, Z2, Z3, Z4",D LES 301
P23-24,E RING 203
"",
"R3, R4",D LES 101
N4,C LES 101
"",
"R3, R4",D LES 101
N4,C LES 101
"",
"M1, M2",D1 LAB 401
"M3, M4",D LES 104
P27-28,C LES 204
"",
"N1, N2, N3",D LES 204
P1-2,C LES 202
"",
"L1, L2, G2",B1 LAB 204
P25-28,B3 LAB 11
"",
"L1, L2",B2 LAB 12
P29-32,B2 LAB 12
"",
"Z1, Z2, Z3, Z4",B1 LAB 204
P17-19,B1 LAB 204
"",
"Z1, Z2, Z3, Z4",B1 LAB 204
P22-24,B1 LAB 204
"",
"N1, N2, N3, N4",B1 LAB 204
P13-16,D LES 201
"",
"G1, G2, I3, I4",C LES 204
"",
To Be Arranged,To Be Arranged
"",
"Z1, Z2",B2 LAB 117
P18-20,B2 LAB 219
"",
"O1, O2, O3, O4",B2 LAB 219
P25-28,B2 LAB 219
"",
"N3, N4",D1 LAB K08
"",
"M1, M2",B LES 101
K1,D1 LAB 416
K2,D1 LAB 408
N1,C LES 310
N2,D LES 312
J1,D LES 312
J2,C LES 308
T4,C LES 310
O3,D1 LAB 404
O3,D1 LAB 405
"",
"Q1, Q2, L1, L2",E LES 100
"Z1, Z2",C LES 101
"H3, H4",D1 LAB K08
"",
"MO 14, MO 15, MO
16, MO 17",D1 LAB K08
"Z1, Z2",B LES 101
"",D1 LAB 406
O2,D1 LAB 415
M3,D LES 406
M3,D LES 410
M4,D LES 310
M4,D LES 311
O1,D LES 310
O2,D1 LAB 401
M3,B LES 103
"",
"M1, M2, R1, R2",A LES G01
"M1, M2, R1, R2",A LES G01
"",
"H1, H2, H3, H4",D LES 101
"",
"H1, H2, H3, H4",D LES 101
"",
"G3, G4",B LES 100
"H1, H2",B LES 103
"G3, G4",B LES 100
"C3, C4",D LES 202
"G3, G4",B LES 100
"N3, N4",D LES 301
"G3, G4",B LES 100
"S3, S4",D LES 306
"G3, G4",B LES 100
"S3, S4",D1 LAB K10
"G3, G4",B LES 100
"N3, N4",D LES 301
"G3, G4",B LES 100
"N3, N4",D LES 301
"G3, G4",B LES 100
"H1, H2",C LES 202
"G3, G4",B LES 100
"C3, C4",D LES 306
"G3, G4",B LES 100
"N3, N4",C LES 202
"G3, G4",B LES 100
"S3, S4",D1 LAB K09
"G3, G4",B LES 100
"C3, C4",C LES 307
"G3, G4",B LES 100
"N3, N4",D LES 301
"G3, G4",B LES 100
"J3, J4",D LES 404
"G3, G4",B LES 100
"H1, H2",D LES 308
"G3, G4",B LES 100
"H1, H2",D LES 309
"G3, G4",B LES 100
"C3, C4",C LES 306
"",
"G3, G4",B LES 100
"C1, C2",D LES 104
"G3, G4",B LES 100
"C1, C2",C LES 310
"G3, G4",B LES 100
"C1, C2",D LES 310
"G3, G4",B LES 100
"C1, C2",D LES 311
"G3, G4",B LES 100
"C1, C2",D LES 106
"G3, G4",B LES 100
"C1, C2",D LES 203
"G3, G4",B LES 100
"C1, C2",D LES 202
"G3, G4",B LES 100
"C1, C2",D LES 301
"",
"C1, C2",D1 LAB K10
"C1, C2",D LAB BASEMENT K01
"C1, C2",D LAB BASEMENT K02
"",D LES 301
H1,D LES 304
H1,D LES 307
H2,D LES 304
H2,D LES 307
R3,D LES 307
Q2,D1 LAB 410
I2,D LES 310
S2,C LES 306
J4,D LES 305
C3,D LES 307
C4,D LES 307
Z1,B RING 301
K1,B RING 301
K2,B RING 301
H1,B RING 301
H2,B RING 301
N1,B RING 301
N2,B RING 301
I2,B RING 301
K3,B RING 301
K4,B RING 301
K4,D LES 312
R1,B RING 301
T3,B RING 301
S2,B RING 301
J1,B RING 301
J2,B RING 301
T4,B RING 301
H4,B RING 301
I3,B RING 301
I4,B RING 301
"",
"C1, C2",D LAB BASEMENT K03
"C1, C2",D LAB BASEMENT K01
"C1, C2",D LAB BASEMENT K02
K2,D LES 307
H1,D LES 301
H1,D LES 304
H1,D LES 307
H2,D LES 304
H2,D LES 307
R3,D LES 307
Q2,D1 LAB 407
I2,D LES 310
S2,C LES 306
J4,D LES 307
C3,D LES 307
C4,D LES 307
Z1,B RING 301
K1,B RING 301
K2,B RING 301
H1,B RING 301
H2,B RING 301
N1,B RING 301
N2,B RING 301
I2,B RING 301
K3,B RING 301
K4,B RING 301
K4,D LES 312
R1,B RING 301
T3,B RING 301
S2,B RING 301
J1,B RING 301
J2,B RING 301
T4,B RING 301
H4,B RING 301
I3,B RING 301
I4,B RING 301
"",
"O1, O2",A LES G01
"",
"S1, S2",D LAB BASEMENT K03
"M3, M4",A LES G01
K1,D LES 307
K1,D1 LAB 408
K1,D1 LAB 410
H1,C LES 308
H2,C LES 308
M2,D LES 411
Q2,D LES 312
M4,D LES 307
R1,D LES 308
R2,D LES 308
C1,D LES 404
K2,D LES 309
Z2,B RING 301
I1,B RING 301
J2,C LES 302
C1,B RING 301
"",
"S1, S2",D LAB BASEMENT K03
"M3, M4",A LES G01
K1,D LES 307
K1,D1 LAB 408
K1,D1 LAB 410
"",C LES 310
H2,C LES 310
M2,C LES 308
Q2,D LES 312
M4,D LES 301
R1,D LES 308
R2,D LES 308
C1,D LES 404
K2,D LES 309
Z2,B RING 301
I1,B RING 301
J2,C LES 302
C1,B RING 301
"",
"L1, L2",A LES G01
O1,D LES 311
O2,D LES 311
T1,D1 LAB 410
Q4,C LES 301
Z4,C LES 301
Q3,C LES 301
Q4,B RING 301
R1,D LES 310
R1,D LES 312
"",
"L1, L2",A LES G01
O1,D LES 311
O2,D LES 311
T1,D1 LAB 410
Q4,C LES 301
Z4,C LES 301
Q3,C LES 301
Q4,B RING 301
R1,D LES 310
R1,D LES 312
"",
"Z1, Z2",B LES 100
"",
"Z1, Z2",D1 LAB 108
"K1, K2",D1 LAB 108
"Z1, Z2",E LES 203
"K1, K2",D1 LAB 108
"",
"Z1, Z2",B2 LAB 219
P3-4,B2 LAB 219
"",
"Z3, Z4",B2 LAB 219
P3-4,B2 LAB 219
"",
"Q1, Q2",D LAB BASEMENT K02
"Q1, Q2",D LES 102
O4,C RING 307
P12,C RING 307
Z4,C RING 307
O3,C RING 307
Q3,C RING 307
Q4,C RING 307
L2,C RING 303
P27,C RING 303
P19,E LES 202
P26,E LES 202
"K3, J1",D1 LAB 406
"I2, R1",D1 LAB 407
"I1, T3",D1 LAB 411
"M2, T4",D1 LAB 407
"M2, T4",D1 LAB 411
"I1, T3",D1 LAB 405
"I2, R1",D1 LAB 410
"K3, J1",D1 LAB 407
"J2, H3",D1 LAB 401
"J2, H3",D LES 308
"",
"Q1, Q2",C LES 101
"Q1, Q2",D LES 101
O4,C RING 307
P12,C RING 307
Z4,C RING 307
O3,C RING 307
Q3,C RING 307
Q4,C RING 307
L2,C RING 303
P27,C RING 303
"",C RING 303
"K3, J1",D1 LAB 406
"I2, R1",D1 LAB 407
"I1, T3",D1 LAB 411
"M2, T4",D1 LAB 407
"M2, T4",D1 LAB 411
"I1, T3",D1 LAB 405
"I2, R1",D1 LAB 410
